ppn,nproc,algorithm,message_size_bytes,median_avg_latency_sec,samples
16,1024,binomial,2,0.000143182,50
16,1024,binomial,3,0.00014338,50
16,1024,binomial,4,0.0001429415,50
16,1024,binomial,6,0.000141506,50
16,1024,binomial,8,0.000142178,50
16,1024,binomial,12,0.00014255799999999999,50
16,1024,binomial,16,0.0001433045,50
16,1024,binomial,24,0.000143377,50
16,1024,binomial,32,0.0001436875,50
16,1024,binomial,48,0.000143361,50
16,1024,binomial,64,0.0001433715,50
16,1024,binomial,96,0.00014312599999999998,50
16,1024,binomial,128,0.0001436055,50
16,1024,binomial,192,0.0001466075,50
16,1024,binomial,256,0.000213047,50
16,1024,binomial,384,0.00021379249999999998,50
16,1024,binomial,512,0.00021410249999999999,50
16,1024,binomial,768,0.0002144615,50
16,1024,binomial,1024,0.000250902,50
16,1024,binomial,1536,0.0002347615,50
16,1024,binomial,2048,0.0002350225,50
16,1024,binomial,3072,0.00023579299999999998,50
16,1024,binomial,4096,0.00023745949999999999,50
16,1024,binomial,6144,0.000239857,50
16,1024,binomial,8192,0.000260417,50
16,1024,binomial,12288,0.00027178,50
16,1024,binomial,16384,0.000281187,50
16,1024,binomial,24576,0.000301688,50
16,1024,binomial,32768,0.00034121,50
16,1024,binomial,49152,0.000390319,50
16,1024,binomial,65536,0.000459966,50
16,1024,binomial,98304,0.0005211644999999999,50
16,1024,binomial,131072,0.000604119,50
16,1024,binomial,196608,0.0007572135,50
16,1024,binomial,262144,0.0009097065000000001,50
16,1024,binomial,393216,0.001199331,50
16,1024,binomial,524288,0.001493342,50
16,1024,binomial,786432,0.002071219,50
16,1024,binomial,1048576,0.002684817,50
16,1024,binomial,1572864,0.0038633645,50
16,1024,binomial,2097152,0.005063309,50
16,1024,binomial,3145728,0.0073802455,50
16,1024,binomial,4194304,0.009663376000000001,50
16,1024,binomial,6291456,0.014248827,50
16,1024,binomial,8388608,0.018725493,50
16,1024,binomial,12582912,0.027956778,50
16,1024,binomial,16777216,0.0374803545,50
16,1024,binomial,25165824,0.0565838545,50
16,1024,binomial,33554432,0.076464191,50
16,1024,circ_graph,2,0.00013099999999999999,50
16,1024,circ_graph,3,0.000131483,50
16,1024,circ_graph,4,0.00013058200000000002,50
16,1024,circ_graph,6,0.00013011449999999998,50
16,1024,circ_graph,8,0.0001304045,50
16,1024,circ_graph,12,0.000131149,50
16,1024,circ_graph,16,0.000130271,50
16,1024,circ_graph,24,0.0001298665,50
16,1024,circ_graph,32,0.00013217950000000002,50
16,1024,circ_graph,48,0.000131106,50
16,1024,circ_graph,64,0.0001309235,50
16,1024,circ_graph,96,0.0001316365,50
16,1024,circ_graph,128,0.000131705,50
16,1024,circ_graph,192,0.00013544000000000002,50
16,1024,circ_graph,256,0.0001397395,50
16,1024,circ_graph,384,0.00013998949999999999,50
16,1024,circ_graph,512,0.0001495155,50
16,1024,circ_graph,768,0.00015041449999999998,50
16,1024,circ_graph,1024,0.0002227445,50
16,1024,circ_graph,1536,0.0001708225,50
16,1024,circ_graph,2048,0.0001697895,50
16,1024,circ_graph,3072,0.0001705915,50
16,1024,circ_graph,4096,0.000172724,50
16,1024,circ_graph,6144,0.000174499,50
16,1024,circ_graph,8192,0.0001815105,50
16,1024,circ_graph,12288,0.000205591,50
16,1024,circ_graph,16384,0.0002124825,50
16,1024,circ_graph,24576,0.0002326455,50
16,1024,circ_graph,32768,0.0002589925,50
16,1024,circ_graph,49152,0.0003061445,50
16,1024,circ_graph,65536,0.00039941499999999997,50
16,1024,circ_graph,98304,0.0004908855000000001,50
16,1024,circ_graph,131072,0.0006000895,50
16,1024,circ_graph,196608,0.000747943,50
16,1024,circ_graph,262144,0.000757436,50
16,1024,circ_graph,393216,0.000908855,50
16,1024,circ_graph,524288,0.001069434,50
16,1024,circ_graph,786432,0.001453907,50
16,1024,circ_graph,1048576,0.002015838,50
16,1024,circ_graph,1572864,0.002517891,50
16,1024,circ_graph,2097152,0.003426623,50
16,1024,circ_graph,3145728,0.004999372,50
16,1024,circ_graph,4194304,0.0067621595,50
16,1024,circ_graph,6291456,0.0104859185,50
16,1024,circ_graph,8388608,0.013965898000000001,50
16,1024,circ_graph,12582912,0.021192598,50
16,1024,circ_graph,16777216,0.028815819,50
16,1024,circ_graph,25165824,0.043576150499999994,50
16,1024,circ_graph,33554432,0.0576877205,50
16,1024,nb,2,0.00013917699999999999,50
16,1024,nb,3,0.0001380815,50
16,1024,nb,4,0.000138756,50
16,1024,nb,6,0.00013739349999999998,50
16,1024,nb,8,0.000138758,50
16,1024,nb,12,0.0001387265,50
16,1024,nb,16,0.000139035,50
16,1024,nb,24,0.000139153,50
16,1024,nb,32,0.000138992,50
16,1024,nb,48,0.0001388905,50
16,1024,nb,64,0.00013968999999999999,50
16,1024,nb,96,0.00014013349999999998,50
16,1024,nb,128,0.00013954149999999998,50
16,1024,nb,192,0.000143185,50
16,1024,nb,256,0.00014781,50
16,1024,nb,384,0.000148338,50
16,1024,nb,512,0.000153774,50
16,1024,nb,768,0.00015689650000000002,50
16,1024,nb,1024,0.0001922745,50
16,1024,nb,1536,0.0001785345,50
16,1024,nb,2048,0.000178897,50
16,1024,nb,3072,0.0001808615,50
16,1024,nb,4096,0.0001824165,50
16,1024,nb,6144,0.0001843995,50
16,1024,nb,8192,0.0001914115,50
16,1024,nb,12288,0.0005050255,50
16,1024,nb,16384,0.000549605,50
16,1024,nb,24576,0.0005612684999999999,50
16,1024,nb,32768,0.0006036805000000001,50
16,1024,nb,49152,0.0006185645,50
16,1024,nb,65536,0.000667904,50
16,1024,nb,98304,0.0007233000000000001,50
16,1024,nb,131072,0.00078874,50
16,1024,nb,196608,0.0009010089999999999,50
16,1024,nb,262144,0.0010391615,50
16,1024,nb,393216,0.001280514,50
16,1024,nb,524288,0.0346244645,50
16,1024,nb,786432,0.034905718,50
16,1024,nb,1048576,0.0437524885,50
16,1024,nb,1572864,0.0409299905,50
16,1024,nb,2097152,0.0413317795,50
16,1024,nb,3145728,0.042470633,50
16,1024,nb,4194304,0.044081999,50
16,1024,nb,6291456,0.045355026,50
16,1024,nb,8388608,0.0493643885,50
16,1024,nb,12582912,0.053961588000000005,50
16,1024,nb,16777216,0.061406707000000005,50
16,1024,nb,25165824,0.0717363305,50
16,1024,nb,33554432,0.0874752365,50
16,1024,pipelined_tree,2,0.0001779025,50
16,1024,pipelined_tree,3,0.0001763255,50
16,1024,pipelined_tree,4,0.000176503,50
16,1024,pipelined_tree,6,0.000176269,50
16,1024,pipelined_tree,8,0.0001773285,50
16,1024,pipelined_tree,12,0.00017497550000000002,50
16,1024,pipelined_tree,16,0.00017462899999999998,50
16,1024,pipelined_tree,24,0.0001776665,50
16,1024,pipelined_tree,32,0.0001744165,50
16,1024,pipelined_tree,48,0.0001770015,50
16,1024,pipelined_tree,64,0.0001789,50
16,1024,pipelined_tree,96,0.0001753675,50
16,1024,pipelined_tree,128,0.000177013,50
16,1024,pipelined_tree,192,0.00018437949999999999,50
16,1024,pipelined_tree,256,0.000197856,50
16,1024,pipelined_tree,384,0.0001982555,50
16,1024,pipelined_tree,512,0.000223579,50
16,1024,pipelined_tree,768,0.000223733,50
16,1024,pipelined_tree,1024,0.0003124555,50
16,1024,pipelined_tree,1536,0.000265822,50
16,1024,pipelined_tree,2048,0.0002649905,50
16,1024,pipelined_tree,3072,0.000267057,50
16,1024,pipelined_tree,4096,0.0002698735,50
16,1024,pipelined_tree,6144,0.00027417399999999997,50
16,1024,pipelined_tree,8192,0.0002881885,50
16,1024,pipelined_tree,12288,0.0003843255,50
16,1024,pipelined_tree,16384,0.00040517950000000004,50
16,1024,pipelined_tree,24576,0.0005138165,50
16,1024,pipelined_tree,32768,0.000621921,50
16,1024,pipelined_tree,49152,0.000832227,50
16,1024,pipelined_tree,65536,0.001043309,50
16,1024,pipelined_tree,98304,0.001461749,50
16,1024,pipelined_tree,131072,0.0018753315,50
16,1024,pipelined_tree,196608,0.00270847,50
16,1024,pipelined_tree,262144,0.003537904,50
16,1024,pipelined_tree,393216,0.005189944,50
16,1024,pipelined_tree,524288,0.0067659375,50
16,1024,pipelined_tree,786432,0.0099728295,50
16,1024,pipelined_tree,1048576,0.013186665,50
16,1024,pipelined_tree,1572864,0.0197831085,50
16,1024,pipelined_tree,2097152,0.026591597,50
16,1024,pipelined_tree,3145728,0.0406897915,50
16,1024,pipelined_tree,4194304,0.054410882,50
16,1024,pipelined_tree,6291456,0.0820927125,50
16,1024,pipelined_tree,8388608,0.1098129745,50
16,1024,pipelined_tree,12582912,0.16558049800000002,50
16,1024,pipelined_tree,16777216,0.2217041605,50
16,1024,pipelined_tree,25165824,0.3348184145,50
16,1024,pipelined_tree,33554432,0.4475785285,50
16,1024,scatter_recursive_doubling_allgather,2,0.000226133,50
16,1024,scatter_recursive_doubling_allgather,3,0.00022363450000000002,50
16,1024,scatter_recursive_doubling_allgather,4,0.000224184,50
16,1024,scatter_recursive_doubling_allgather,6,0.0002217745,50
16,1024,scatter_recursive_doubling_allgather,8,0.00022738199999999999,50
16,1024,scatter_recursive_doubling_allgather,12,0.00022589350000000002,50
16,1024,scatter_recursive_doubling_allgather,16,0.00022643849999999998,50
16,1024,scatter_recursive_doubling_allgather,24,0.0002248515,50
16,1024,scatter_recursive_doubling_allgather,32,0.0002276595,50
16,1024,scatter_recursive_doubling_allgather,48,0.000227558,50
16,1024,scatter_recursive_doubling_allgather,64,0.000226243,50
16,1024,scatter_recursive_doubling_allgather,96,0.000227844,50
16,1024,scatter_recursive_doubling_allgather,128,0.0002320695,50
16,1024,scatter_recursive_doubling_allgather,192,0.0002377075,50
16,1024,scatter_recursive_doubling_allgather,256,0.00027881749999999995,50
16,1024,scatter_recursive_doubling_allgather,384,0.0002857535,50
16,1024,scatter_recursive_doubling_allgather,512,0.000317104,50
16,1024,scatter_recursive_doubling_allgather,768,0.0003566505,50
16,1024,scatter_recursive_doubling_allgather,1024,0.0003590995,50
16,1024,scatter_recursive_doubling_allgather,1536,0.000406938,50
16,1024,scatter_recursive_doubling_allgather,2048,0.00042360200000000003,50
16,1024,scatter_recursive_doubling_allgather,3072,0.000417009,50
16,1024,scatter_recursive_doubling_allgather,4096,0.000473006,50
16,1024,scatter_recursive_doubling_allgather,6144,0.0004623755,50
16,1024,scatter_recursive_doubling_allgather,8192,0.0005317035000000001,50
16,1024,scatter_recursive_doubling_allgather,12288,0.0005269995,50
16,1024,scatter_recursive_doubling_allgather,16384,0.000573712,50
16,1024,scatter_recursive_doubling_allgather,24576,0.000573589,50
16,1024,scatter_recursive_doubling_allgather,32768,0.000611775,50
16,1024,scatter_recursive_doubling_allgather,49152,0.0006148835,50
16,1024,scatter_recursive_doubling_allgather,65536,0.0006676365,50
16,1024,scatter_recursive_doubling_allgather,98304,0.0006954999999999999,50
16,1024,scatter_recursive_doubling_allgather,131072,0.0007490414999999999,50
16,1024,scatter_recursive_doubling_allgather,196608,0.0008357074999999999,50
16,1024,scatter_recursive_doubling_allgather,262144,0.0009311115,50
16,1024,scatter_recursive_doubling_allgather,393216,0.0011045295,50
16,1024,scatter_recursive_doubling_allgather,524288,0.0012966605,50
16,1024,scatter_recursive_doubling_allgather,786432,0.0016272675000000001,50
16,1024,scatter_recursive_doubling_allgather,1048576,0.0019932255,50
16,1024,scatter_recursive_doubling_allgather,1572864,0.0026716915,50
16,1024,scatter_recursive_doubling_allgather,2097152,0.0033813795,50
16,1024,scatter_recursive_doubling_allgather,3145728,0.004775164,50
16,1024,scatter_recursive_doubling_allgather,4194304,0.0062180585,50
16,1024,scatter_recursive_doubling_allgather,6291456,0.0091398055,50
16,1024,scatter_recursive_doubling_allgather,8388608,0.012202734,50
16,1024,scatter_recursive_doubling_allgather,12582912,0.0189410055,50
16,1024,scatter_recursive_doubling_allgather,16777216,0.0260561085,50
16,1024,scatter_recursive_doubling_allgather,25165824,0.0409562885,50
16,1024,scatter_recursive_doubling_allgather,33554432,0.056875920999999996,50
16,1024,scatter_ring_allgather,2,0.0115616695,50
16,1024,scatter_ring_allgather,3,0.011575349499999998,50
16,1024,scatter_ring_allgather,4,0.011547721,50
16,1024,scatter_ring_allgather,6,0.0115421865,50
16,1024,scatter_ring_allgather,8,0.0115395685,50
16,1024,scatter_ring_allgather,12,0.011549664,50
16,1024,scatter_ring_allgather,16,0.011554026,50
16,1024,scatter_ring_allgather,24,0.0115402125,50
16,1024,scatter_ring_allgather,32,0.011535746,50
16,1024,scatter_ring_allgather,48,0.0115048695,50
16,1024,scatter_ring_allgather,64,0.011414073,50
16,1024,scatter_ring_allgather,96,0.0115307095,50
16,1024,scatter_ring_allgather,128,0.0115379245,50
16,1024,scatter_ring_allgather,192,0.011565913,50
16,1024,scatter_ring_allgather,256,0.011598760999999999,50
16,1024,scatter_ring_allgather,384,0.0115307765,50
16,1024,scatter_ring_allgather,512,0.011576895,50
16,1024,scatter_ring_allgather,768,0.0116132575,50
16,1024,scatter_ring_allgather,1024,0.011541116,50
16,1024,scatter_ring_allgather,1536,0.0116067865,50
16,1024,scatter_ring_allgather,2048,0.0115770665,50
16,1024,scatter_ring_allgather,3072,0.011567203500000001,50
16,1024,scatter_ring_allgather,4096,0.0115752405,50
16,1024,scatter_ring_allgather,6144,0.0115774945,50
16,1024,scatter_ring_allgather,8192,0.011597454,50
16,1024,scatter_ring_allgather,12288,0.011625881000000001,50
16,1024,scatter_ring_allgather,16384,0.0116793555,50
16,1024,scatter_ring_allgather,24576,0.0116885145,50
16,1024,scatter_ring_allgather,32768,0.011720287,50
16,1024,scatter_ring_allgather,49152,0.011777952,50
16,1024,scatter_ring_allgather,65536,0.011843089000000001,50
16,1024,scatter_ring_allgather,98304,0.011891526,50
16,1024,scatter_ring_allgather,131072,0.011934259999999999,50
16,1024,scatter_ring_allgather,196608,0.0130025105,50
16,1024,scatter_ring_allgather,262144,0.0344009975,50
16,1024,scatter_ring_allgather,393216,0.034431734000000006,50
16,1024,scatter_ring_allgather,524288,0.034513549000000004,50
16,1024,scatter_ring_allgather,786432,0.034631585,50
16,1024,scatter_ring_allgather,1048576,0.0433569985,50
16,1024,scatter_ring_allgather,1572864,0.040462936500000005,50
16,1024,scatter_ring_allgather,2097152,0.040776616,50
16,1024,scatter_ring_allgather,3145728,0.0415202825,50
16,1024,scatter_ring_allgather,4194304,0.0425208535,50
16,1024,scatter_ring_allgather,6291456,0.0432849805,50
16,1024,scatter_ring_allgather,8388608,0.046358041,50
16,1024,scatter_ring_allgather,12582912,0.049105870999999995,50
16,1024,scatter_ring_allgather,16777216,0.055126878000000004,50
16,1024,scatter_ring_allgather,25165824,0.0609696485,50
16,1024,scatter_ring_allgather,33554432,0.072457938,50
16,1024,tree,2,0.0001806555,50
16,1024,tree,3,0.00017882800000000002,50
16,1024,tree,4,0.000178114,50
16,1024,tree,6,0.000177549,50
16,1024,tree,8,0.0001766165,50
16,1024,tree,12,0.000177703,50
16,1024,tree,16,0.0001775565,50
16,1024,tree,24,0.0001774465,50
16,1024,tree,32,0.00017842999999999998,50
16,1024,tree,48,0.00017915299999999998,50
16,1024,tree,64,0.0001799555,50
16,1024,tree,96,0.0001761775,50
16,1024,tree,128,0.0001777215,50
16,1024,tree,192,0.00018600700000000002,50
16,1024,tree,256,0.0001917155,50
16,1024,tree,384,0.0001948175,50
16,1024,tree,512,0.00021952700000000001,50
16,1024,tree,768,0.000221109,50
16,1024,tree,1024,0.00031016349999999997,50
16,1024,tree,1536,0.0002610015,50
16,1024,tree,2048,0.000262361,50
16,1024,tree,3072,0.0002639305,50
16,1024,tree,4096,0.0002648205,50
16,1024,tree,6144,0.000268965,50
16,1024,tree,8192,0.0002793455,50
16,1024,tree,12288,0.00029927100000000004,50
16,1024,tree,16384,0.0003036085,50
16,1024,tree,24576,0.0003246125,50
16,1024,tree,32768,0.000358699,50
16,1024,tree,49152,0.000424531,50
16,1024,tree,65536,0.0005430435,50
16,1024,tree,98304,0.0006647385,50
16,1024,tree,131072,0.000795248,50
16,1024,tree,196608,0.001054009,50
16,1024,tree,262144,0.0013465875,50
16,1024,tree,393216,0.0018438345,50
16,1024,tree,524288,0.0023684459999999997,50
16,1024,tree,786432,0.0033902925,50
16,1024,tree,1048576,0.0044846125,50
16,1024,tree,1572864,0.006680205999999999,50
16,1024,tree,2097152,0.009027770000000001,50
16,1024,tree,3145728,0.0134436465,50
16,1024,tree,4194304,0.018040886,50
16,1024,tree,6291456,0.027978826999999998,50
16,1024,tree,8388608,0.036836439,50
16,1024,tree,12582912,0.055061823999999995,50
16,1024,tree,16777216,0.074605316,50
16,1024,tree,25165824,0.1138617965,50
16,1024,tree,33554432,0.1559062025,50
16,2048,binomial,2,0.0001731015,50
16,2048,binomial,3,0.0001755435,50
16,2048,binomial,4,0.000170791,50
16,2048,binomial,6,0.0001717975,50
16,2048,binomial,8,0.000172916,50
16,2048,binomial,12,0.00017307949999999998,50
16,2048,binomial,16,0.0001746735,50
16,2048,binomial,24,0.000175589,50
16,2048,binomial,32,0.00017505800000000002,50
16,2048,binomial,48,0.00017433,50
16,2048,binomial,64,0.0001736885,50
16,2048,binomial,96,0.00017479399999999998,50
16,2048,binomial,128,0.00017421549999999998,50
16,2048,binomial,192,0.0001778975,50
16,2048,binomial,256,0.000243922,50
16,2048,binomial,384,0.0002438065,50
16,2048,binomial,512,0.0002451885,50
16,2048,binomial,768,0.0002436305,50
16,2048,binomial,1024,0.0002870685,50
16,2048,binomial,1536,0.000266378,50
16,2048,binomial,2048,0.0002651555,50
16,2048,binomial,3072,0.000267262,50
16,2048,binomial,4096,0.00026847100000000005,50
16,2048,binomial,6144,0.000269452,50
16,2048,binomial,8192,0.00028894,50
16,2048,binomial,12288,0.000306872,50
16,2048,binomial,16384,0.0003126585,50
16,2048,binomial,24576,0.000335212,50
16,2048,binomial,32768,0.00038115999999999996,50
16,2048,binomial,49152,0.00044724749999999996,50
16,2048,binomial,65536,0.000524692,50
16,2048,binomial,98304,0.0005970785,50
16,2048,binomial,131072,0.0006912954999999999,50
16,2048,binomial,196608,0.0008730064999999999,50
16,2048,binomial,262144,0.0010518395,50
16,2048,binomial,393216,0.0013906600000000002,50
16,2048,binomial,524288,0.0017301744999999999,50
16,2048,binomial,786432,0.002401447,50
16,2048,binomial,1048576,0.003112824,50
16,2048,binomial,1572864,0.004487998,50
16,2048,binomial,2097152,0.005832012,50
16,2048,binomial,3145728,0.0084995665,50
16,2048,binomial,4194304,0.011134897500000001,50
16,2048,binomial,6291456,0.0163533765,50
16,2048,binomial,8388608,0.0213882395,50
16,2048,binomial,12582912,0.0317659275,50
16,2048,binomial,16777216,0.042603226,50
16,2048,binomial,25165824,0.064977885,50
16,2048,binomial,33554432,0.087577411,50
16,2048,circ_graph,2,0.00013996450000000003,50
16,2048,circ_graph,3,0.0001403125,50
16,2048,circ_graph,4,0.00013905249999999998,50
16,2048,circ_graph,6,0.0001390175,50
16,2048,circ_graph,8,0.00013956249999999998,50
16,2048,circ_graph,12,0.0001382375,50
16,2048,circ_graph,16,0.000138235,50
16,2048,circ_graph,24,0.000139842,50
16,2048,circ_graph,32,0.00013941350000000002,50
16,2048,circ_graph,48,0.00014060199999999998,50
16,2048,circ_graph,64,0.0001395275,50
16,2048,circ_graph,96,0.000140596,50
16,2048,circ_graph,128,0.00014025300000000001,50
16,2048,circ_graph,192,0.0001443825,50
16,2048,circ_graph,256,0.000181578,50
16,2048,circ_graph,384,0.000181755,50
16,2048,circ_graph,512,0.00019424250000000002,50
16,2048,circ_graph,768,0.0001938075,50
16,2048,circ_graph,1024,0.000275549,50
16,2048,circ_graph,1536,0.000216475,50
16,2048,circ_graph,2048,0.000215966,50
16,2048,circ_graph,3072,0.00021819549999999997,50
16,2048,circ_graph,4096,0.00021787100000000002,50
16,2048,circ_graph,6144,0.00022258500000000002,50
16,2048,circ_graph,8192,0.000225035,50
16,2048,circ_graph,12288,0.000250143,50
16,2048,circ_graph,16384,0.0002562085,50
16,2048,circ_graph,24576,0.00027908649999999996,50
16,2048,circ_graph,32768,0.000308788,50
16,2048,circ_graph,49152,0.000373092,50
16,2048,circ_graph,65536,0.000482815,50
16,2048,circ_graph,98304,0.0005934645,50
16,2048,circ_graph,131072,0.0007273785,50
16,2048,circ_graph,196608,0.000796759,50
16,2048,circ_graph,262144,0.000849856,50
16,2048,circ_graph,393216,0.0009766805,50
16,2048,circ_graph,524288,0.0011011865,50
16,2048,circ_graph,786432,0.0017634109999999999,50
16,2048,circ_graph,1048576,0.0020891844999999997,50
16,2048,circ_graph,1572864,0.0026597030000000002,50
16,2048,circ_graph,2097152,0.0038829355,50
16,2048,circ_graph,3145728,0.005182391,50
16,2048,circ_graph,4194304,0.0072713315,50
16,2048,circ_graph,6291456,0.0107659595,50
16,2048,circ_graph,8388608,0.014575886,50
16,2048,circ_graph,12582912,0.0220839695,50
16,2048,circ_graph,16777216,0.02952447,50
16,2048,circ_graph,25165824,0.044611569000000004,50
16,2048,circ_graph,33554432,0.059633207,50
16,2048,nb,2,0.00015516249999999998,50
16,2048,nb,3,0.000153549,50
16,2048,nb,4,0.000150711,50
16,2048,nb,6,0.00015061000000000002,50
16,2048,nb,8,0.0001497265,50
16,2048,nb,12,0.00015125000000000002,50
16,2048,nb,16,0.0001524075,50
16,2048,nb,24,0.00015283149999999998,50
16,2048,nb,32,0.000151204,50
16,2048,nb,48,0.0001504135,50
16,2048,nb,64,0.0001520425,50
16,2048,nb,96,0.000152584,50
16,2048,nb,128,0.00015089,50
16,2048,nb,192,0.000158279,50
16,2048,nb,256,0.0001620695,50
16,2048,nb,384,0.00016220299999999998,50
16,2048,nb,512,0.00016752599999999998,50
16,2048,nb,768,0.000173038,50
16,2048,nb,1024,0.0002127095,50
16,2048,nb,1536,0.0001961355,50
16,2048,nb,2048,0.00019921050000000002,50
16,2048,nb,3072,0.0002012585,50
16,2048,nb,4096,0.000200896,50
16,2048,nb,6144,0.00020446199999999998,50
16,2048,nb,8192,0.000210136,50
16,2048,nb,12288,0.000568281,50
16,2048,nb,16384,0.0006234205,50
16,2048,nb,24576,0.0006356015,50
16,2048,nb,32768,0.000684782,50
16,2048,nb,49152,0.0007094315,50
16,2048,nb,65536,0.0007722499999999999,50
16,2048,nb,98304,0.0008278815,50
16,2048,nb,131072,0.00093154,50
16,2048,nb,196608,0.0010389325,50
16,2048,nb,262144,0.0011938645,50
16,2048,nb,393216,0.0014524795,50
16,2048,nb,524288,0.0701782975,50
16,2048,nb,786432,0.0706048275,50
16,2048,nb,1048576,0.070664831,50
16,2048,nb,1572864,0.071157459,50
16,2048,nb,2097152,0.088906558,50
16,2048,nb,3145728,0.0836388095,50
16,2048,nb,4194304,0.084491917,50
16,2048,nb,6291456,0.0870307985,50
16,2048,nb,8388608,0.0898156475,50
16,2048,nb,12582912,0.0945747025,50
16,2048,nb,16777216,0.100426951,50
16,2048,nb,25165824,0.112583644,50
16,2048,nb,33554432,0.12726322550000002,50
16,2048,pipelined_tree,2,0.00021518900000000002,50
16,2048,pipelined_tree,3,0.0002148505,50
16,2048,pipelined_tree,4,0.00021336100000000002,50
16,2048,pipelined_tree,6,0.0002130365,50
16,2048,pipelined_tree,8,0.00021414950000000002,50
16,2048,pipelined_tree,12,0.00021256649999999998,50
16,2048,pipelined_tree,16,0.00021219499999999998,50
16,2048,pipelined_tree,24,0.0002135015,50
16,2048,pipelined_tree,32,0.0002126655,50
16,2048,pipelined_tree,48,0.000213027,50
16,2048,pipelined_tree,64,0.00021295599999999999,50
16,2048,pipelined_tree,96,0.0002095895,50
16,2048,pipelined_tree,128,0.0002145195,50
16,2048,pipelined_tree,192,0.000224194,50
16,2048,pipelined_tree,256,0.0002330395,50
16,2048,pipelined_tree,384,0.00023329649999999998,50
16,2048,pipelined_tree,512,0.0002664915,50
16,2048,pipelined_tree,768,0.0002672835,50
16,2048,pipelined_tree,1024,0.0003689305,50
16,2048,pipelined_tree,1536,0.0003159685,50
16,2048,pipelined_tree,2048,0.000314987,50
16,2048,pipelined_tree,3072,0.000317344,50
16,2048,pipelined_tree,4096,0.000321268,50
16,2048,pipelined_tree,6144,0.0003253585,50
16,2048,pipelined_tree,8192,0.00033726700000000004,50
16,2048,pipelined_tree,12288,0.00044089650000000004,50
16,2048,pipelined_tree,16384,0.0004649685,50
16,2048,pipelined_tree,24576,0.0005846435,50
16,2048,pipelined_tree,32768,0.0007024615,50
16,2048,pipelined_tree,49152,0.000926437,50
16,2048,pipelined_tree,65536,0.001149525,50
16,2048,pipelined_tree,98304,0.001593991,50
16,2048,pipelined_tree,131072,0.0020340315,50
16,2048,pipelined_tree,196608,0.0029252185,50
16,2048,pipelined_tree,262144,0.003802525,50
16,2048,pipelined_tree,393216,0.005573584,50
16,2048,pipelined_tree,524288,0.007254457000000001,50
16,2048,pipelined_tree,786432,0.010703162,50
16,2048,pipelined_tree,1048576,0.014193643499999999,50
16,2048,pipelined_tree,1572864,0.0214343295,50
16,2048,pipelined_tree,2097152,0.028970038,50
16,2048,pipelined_tree,3145728,0.043675072499999995,50
16,2048,pipelined_tree,4194304,0.0586337145,50
16,2048,pipelined_tree,6291456,0.0888957675,50
16,2048,pipelined_tree,8388608,0.119357066,50
16,2048,pipelined_tree,12582912,0.180668215,50
16,2048,pipelined_tree,16777216,0.242502086,50
16,2048,pipelined_tree,25165824,0.3647271615,50
16,2048,pipelined_tree,33554432,0.4883216755,50
16,2048,scatter_recursive_doubling_allgather,2,0.000264083,50
16,2048,scatter_recursive_doubling_allgather,3,0.00026531199999999997,50
16,2048,scatter_recursive_doubling_allgather,4,0.000264207,50
16,2048,scatter_recursive_doubling_allgather,6,0.0002679555,50
16,2048,scatter_recursive_doubling_allgather,8,0.0002650455,50
16,2048,scatter_recursive_doubling_allgather,12,0.000267663,50
16,2048,scatter_recursive_doubling_allgather,16,0.0002661125,50
16,2048,scatter_recursive_doubling_allgather,24,0.0002691545,50
16,2048,scatter_recursive_doubling_allgather,32,0.000267897,50
16,2048,scatter_recursive_doubling_allgather,48,0.000269225,50
16,2048,scatter_recursive_doubling_allgather,64,0.000265103,50
16,2048,scatter_recursive_doubling_allgather,96,0.000269472,50
16,2048,scatter_recursive_doubling_allgather,128,0.00026834350000000005,50
16,2048,scatter_recursive_doubling_allgather,192,0.00027399149999999997,50
16,2048,scatter_recursive_doubling_allgather,256,0.0003127985,50
16,2048,scatter_recursive_doubling_allgather,384,0.0003220425,50
16,2048,scatter_recursive_doubling_allgather,512,0.000360093,50
16,2048,scatter_recursive_doubling_allgather,768,0.0004028055,50
16,2048,scatter_recursive_doubling_allgather,1024,0.000410952,50
16,2048,scatter_recursive_doubling_allgather,1536,0.000452067,50
16,2048,scatter_recursive_doubling_allgather,2048,0.0004676985,50
16,2048,scatter_recursive_doubling_allgather,3072,0.000516897,50
16,2048,scatter_recursive_doubling_allgather,4096,0.0005158185,50
16,2048,scatter_recursive_doubling_allgather,6144,0.0005090735,50
16,2048,scatter_recursive_doubling_allgather,8192,0.0005653864999999999,50
16,2048,scatter_recursive_doubling_allgather,12288,0.0005616074999999999,50
16,2048,scatter_recursive_doubling_allgather,16384,0.000623444,50
16,2048,scatter_recursive_doubling_allgather,24576,0.0006256465000000001,50
16,2048,scatter_recursive_doubling_allgather,32768,0.0006817844999999999,50
16,2048,scatter_recursive_doubling_allgather,49152,0.0006881965,50
16,2048,scatter_recursive_doubling_allgather,65536,0.0007409835,50
16,2048,scatter_recursive_doubling_allgather,98304,0.0007653935,50
16,2048,scatter_recursive_doubling_allgather,131072,0.000855752,50
16,2048,scatter_recursive_doubling_allgather,196608,0.000923994,50
16,2048,scatter_recursive_doubling_allgather,262144,0.0010156079999999999,50
16,2048,scatter_recursive_doubling_allgather,393216,0.0011853195,50
16,2048,scatter_recursive_doubling_allgather,524288,0.001379892,50
16,2048,scatter_recursive_doubling_allgather,786432,0.0017226199999999998,50
16,2048,scatter_recursive_doubling_allgather,1048576,0.0020872765,50
16,2048,scatter_recursive_doubling_allgather,1572864,0.0027716,50
16,2048,scatter_recursive_doubling_allgather,2097152,0.003507556,50
16,2048,scatter_recursive_doubling_allgather,3145728,0.0049073434999999995,50
16,2048,scatter_recursive_doubling_allgather,4194304,0.0063569395,50
16,2048,scatter_recursive_doubling_allgather,6291456,0.0092850795,50
16,2048,scatter_recursive_doubling_allgather,8388608,0.0123859045,50
16,2048,scatter_recursive_doubling_allgather,12582912,0.0190714045,50
16,2048,scatter_recursive_doubling_allgather,16777216,0.0261933515,50
16,2048,scatter_recursive_doubling_allgather,25165824,0.0408743005,50
16,2048,scatter_recursive_doubling_allgather,33554432,0.056116040500000006,50
16,2048,scatter_ring_allgather,2,0.021453537,50
16,2048,scatter_ring_allgather,3,0.02146004,50
16,2048,scatter_ring_allgather,4,0.021420798999999997,50
16,2048,scatter_ring_allgather,6,0.021405031,50
16,2048,scatter_ring_allgather,8,0.0214270535,50
16,2048,scatter_ring_allgather,12,0.0214255825,50
16,2048,scatter_ring_allgather,16,0.021399757,50
16,2048,scatter_ring_allgather,24,0.021366546,50
16,2048,scatter_ring_allgather,32,0.0213745745,50
16,2048,scatter_ring_allgather,48,0.021390651,50
16,2048,scatter_ring_allgather,64,0.021372856,50
16,2048,scatter_ring_allgather,96,0.0213880615,50
16,2048,scatter_ring_allgather,128,0.021363095,50
16,2048,scatter_ring_allgather,192,0.021371775000000003,50
16,2048,scatter_ring_allgather,256,0.021363667500000003,50
16,2048,scatter_ring_allgather,384,0.021415503,50
16,2048,scatter_ring_allgather,512,0.021390571,50
16,2048,scatter_ring_allgather,768,0.021449945999999998,50
16,2048,scatter_ring_allgather,1024,0.021483255,50
16,2048,scatter_ring_allgather,1536,0.0215244645,50
16,2048,scatter_ring_allgather,2048,0.021599589500000002,50
16,2048,scatter_ring_allgather,3072,0.021540106,50
16,2048,scatter_ring_allgather,4096,0.021609542000000002,50
16,2048,scatter_ring_allgather,6144,0.021619504999999997,50
16,2048,scatter_ring_allgather,8192,0.02165132,50
16,2048,scatter_ring_allgather,12288,0.021655594,50
16,2048,scatter_ring_allgather,16384,0.021656053,50
16,2048,scatter_ring_allgather,24576,0.0216511525,50
16,2048,scatter_ring_allgather,32768,0.021692705,50
16,2048,scatter_ring_allgather,49152,0.0217117125,50
16,2048,scatter_ring_allgather,65536,0.021762225,50
16,2048,scatter_ring_allgather,98304,0.0218756445,50
16,2048,scatter_ring_allgather,131072,0.021941468,50
16,2048,scatter_ring_allgather,196608,0.022151974499999998,50
16,2048,scatter_ring_allgather,262144,0.022283408999999997,50
16,2048,scatter_ring_allgather,393216,0.024156419499999998,50
16,2048,scatter_ring_allgather,524288,0.068596144,50
16,2048,scatter_ring_allgather,786432,0.068831659,50
16,2048,scatter_ring_allgather,1048576,0.0689714825,50
16,2048,scatter_ring_allgather,1572864,0.069251245,50
16,2048,scatter_ring_allgather,2097152,0.08683442150000001,50
16,2048,scatter_ring_allgather,3145728,0.0810955935,50
16,2048,scatter_ring_allgather,4194304,0.081613609,50
16,2048,scatter_ring_allgather,6291456,0.08305414750000001,50
16,2048,scatter_ring_allgather,8388608,0.08481686299999999,50
16,2048,scatter_ring_allgather,12582912,0.0868434235,50
16,2048,scatter_ring_allgather,16777216,0.093775596,50
16,2048,scatter_ring_allgather,25165824,0.0996251245,50
16,2048,scatter_ring_allgather,33554432,0.1109809115,50
16,2048,tree,2,0.0002093515,50
16,2048,tree,3,0.00020716799999999998,50
16,2048,tree,4,0.0002050825,50
16,2048,tree,6,0.000204933,50
16,2048,tree,8,0.0002049755,50
16,2048,tree,12,0.0002035915,50
16,2048,tree,16,0.000204524,50
16,2048,tree,24,0.00020546300000000002,50
16,2048,tree,32,0.0002051235,50
16,2048,tree,48,0.000207163,50
16,2048,tree,64,0.0002053895,50
16,2048,tree,96,0.00020390799999999999,50
16,2048,tree,128,0.000205104,50
16,2048,tree,192,0.00021545750000000002,50
16,2048,tree,256,0.0002271655,50
16,2048,tree,384,0.00022853499999999998,50
16,2048,tree,512,0.0002568765,50
16,2048,tree,768,0.000261085,50
16,2048,tree,1024,0.0003652,50
16,2048,tree,1536,0.00030937,50
16,2048,tree,2048,0.0003081385,50
16,2048,tree,3072,0.0003115795,50
16,2048,tree,4096,0.0003142795,50
16,2048,tree,6144,0.00031854699999999997,50
16,2048,tree,8192,0.00032917199999999997,50
16,2048,tree,12288,0.00035092900000000004,50
16,2048,tree,16384,0.0003558115,50
16,2048,tree,24576,0.00038612749999999995,50
16,2048,tree,32768,0.000425854,50
16,2048,tree,49152,0.0004957645,50
16,2048,tree,65536,0.0006301919999999999,50
16,2048,tree,98304,0.0007721284999999999,50
16,2048,tree,131072,0.0009266249999999999,50
16,2048,tree,196608,0.001229475,50
16,2048,tree,262144,0.001549789,50
16,2048,tree,393216,0.002132082,50
16,2048,tree,524288,0.002716171,50
16,2048,tree,786432,0.003907134,50
16,2048,tree,1048576,0.00512465,50
16,2048,tree,1572864,0.0074422055,50
16,2048,tree,2097152,0.0099212145,50
16,2048,tree,3145728,0.014441888,50
16,2048,tree,4194304,0.019663026,50
16,2048,tree,6291456,0.030228728,50
16,2048,tree,8388608,0.040719135000000004,50
16,2048,tree,12582912,0.061471302500000005,50
16,2048,tree,16777216,0.0837263775,50
16,2048,tree,25165824,0.12790325,50
16,2048,tree,33554432,0.1696430855,50
16,4096,binomial,2,0.0001702145,50
16,4096,binomial,3,0.0001701765,50
16,4096,binomial,4,0.0001691485,50
16,4096,binomial,6,0.0001694065,50
16,4096,binomial,8,0.000169287,50
16,4096,binomial,12,0.0001670605,50
16,4096,binomial,16,0.0001707125,50
16,4096,binomial,24,0.00017062149999999999,50
16,4096,binomial,32,0.00016770499999999998,50
16,4096,binomial,48,0.000172795,50
16,4096,binomial,64,0.00016776250000000002,50
16,4096,binomial,96,0.000170619,50
16,4096,binomial,128,0.0001712575,50
16,4096,binomial,192,0.000175616,50
16,4096,binomial,256,0.0002543075,50
16,4096,binomial,384,0.0002536635,50
16,4096,binomial,512,0.000252304,50
16,4096,binomial,768,0.00025202250000000003,50
16,4096,binomial,1024,0.0003015995,50
16,4096,binomial,1536,0.00027903499999999996,50
16,4096,binomial,2048,0.0002814225,50
16,4096,binomial,3072,0.00028063999999999997,50
16,4096,binomial,4096,0.0002824005,50
16,4096,binomial,6144,0.0002820835,50
16,4096,binomial,8192,0.0003026355,50
16,4096,binomial,12288,0.0003211735,50
16,4096,binomial,16384,0.000331853,50
16,4096,binomial,24576,0.0003594825,50
16,4096,binomial,32768,0.0004145995,50
16,4096,binomial,49152,0.00048467949999999997,50
16,4096,binomial,65536,0.000571709,50
16,4096,binomial,98304,0.00064909,50
16,4096,binomial,131072,0.000765614,50
16,4096,binomial,196608,0.0009635145,50
16,4096,binomial,262144,0.00116417,50
16,4096,binomial,393216,0.001539832,50
16,4096,binomial,524288,0.001922468,50
16,4096,binomial,786432,0.00267955,50
16,4096,binomial,1048576,0.003481186,50
16,4096,binomial,1572864,0.004994734,50
16,4096,binomial,2097152,0.006510719999999999,50
16,4096,binomial,3145728,0.009487259500000001,50
16,4096,binomial,4194304,0.0124359875,50
16,4096,binomial,6291456,0.0182982125,50
16,4096,binomial,8388608,0.0239840015,50
16,4096,binomial,12582912,0.035791294,50
16,4096,binomial,16777216,0.047698938499999996,50
16,4096,binomial,25165824,0.0723313955,50
16,4096,binomial,33554432,0.09769961099999999,50
16,4096,circ_graph,2,0.0001608185,50
16,4096,circ_graph,3,0.0001604415,50
16,4096,circ_graph,4,0.00015775,50
16,4096,circ_graph,6,0.000158644,50
16,4096,circ_graph,8,0.00015853249999999997,50
16,4096,circ_graph,12,0.0001587305,50
16,4096,circ_graph,16,0.000159557,50
16,4096,circ_graph,24,0.0001583245,50
16,4096,circ_graph,32,0.0001587755,50
16,4096,circ_graph,48,0.00015995149999999998,50
16,4096,circ_graph,64,0.0001600955,50
16,4096,circ_graph,96,0.00016055349999999997,50
16,4096,circ_graph,128,0.00016073649999999998,50
16,4096,circ_graph,192,0.000165179,50
16,4096,circ_graph,256,0.000206304,50
16,4096,circ_graph,384,0.0002053575,50
16,4096,circ_graph,512,0.000216386,50
16,4096,circ_graph,768,0.0002221445,50
16,4096,circ_graph,1024,0.00031070100000000003,50
16,4096,circ_graph,1536,0.0002431935,50
16,4096,circ_graph,2048,0.000245004,50
16,4096,circ_graph,3072,0.00024512350000000004,50
16,4096,circ_graph,4096,0.000249611,50
16,4096,circ_graph,6144,0.0002497655,50
16,4096,circ_graph,8192,0.000256245,50
16,4096,circ_graph,12288,0.000286861,50
16,4096,circ_graph,16384,0.0002914565,50
16,4096,circ_graph,24576,0.000306301,50
16,4096,circ_graph,32768,0.000329966,50
16,4096,circ_graph,49152,0.00039193949999999996,50
16,4096,circ_graph,65536,0.0005105645,50
16,4096,circ_graph,98304,0.0006349204999999999,50
16,4096,circ_graph,131072,0.000774437,50
16,4096,circ_graph,196608,0.0008903025,50
16,4096,circ_graph,262144,0.0009201995,50
16,4096,circ_graph,393216,0.001042235,50
16,4096,circ_graph,524288,0.00116124,50
16,4096,circ_graph,786432,0.001767184,50
16,4096,circ_graph,1048576,0.002011014,50
16,4096,circ_graph,1572864,0.0028142935,50
16,4096,circ_graph,2097152,0.003731657,50
16,4096,circ_graph,3145728,0.005361681,50
16,4096,circ_graph,4194304,0.007586037,50
16,4096,circ_graph,6291456,0.010928833,50
16,4096,circ_graph,8388608,0.0145662725,50
16,4096,circ_graph,12582912,0.0221992495,50
16,4096,circ_graph,16777216,0.0302245415,50
16,4096,circ_graph,25165824,0.045840875,50
16,4096,circ_graph,33554432,0.060729833999999996,50
16,4096,nb,2,0.00019258699999999998,50
16,4096,nb,3,0.00019243249999999998,50
16,4096,nb,4,0.00019058550000000001,50
16,4096,nb,6,0.0001905495,50
16,4096,nb,8,0.000191366,50
16,4096,nb,12,0.00019110349999999998,50
16,4096,nb,16,0.0001910495,50
16,4096,nb,24,0.00019235200000000002,50
16,4096,nb,32,0.000191295,50
16,4096,nb,48,0.000189498,50
16,4096,nb,64,0.00019170599999999998,50
16,4096,nb,96,0.000190936,50
16,4096,nb,128,0.00019324499999999998,50
16,4096,nb,192,0.000195891,50
16,4096,nb,256,0.000201816,50
16,4096,nb,384,0.0002004055,50
16,4096,nb,512,0.0002110875,50
16,4096,nb,768,0.000215474,50
16,4096,nb,1024,0.00025845,50
16,4096,nb,1536,0.000245525,50
16,4096,nb,2048,0.00024456,50
16,4096,nb,3072,0.000246312,50
16,4096,nb,4096,0.00024936399999999997,50
16,4096,nb,6144,0.00025283900000000004,50
16,4096,nb,8192,0.000258149,50
16,4096,nb,12288,0.0006483365,50
16,4096,nb,16384,0.0006926185,50
16,4096,nb,24576,0.0007057565,50
16,4096,nb,32768,0.0007594405000000001,50
16,4096,nb,49152,0.0007906829999999999,50
16,4096,nb,65536,0.000867802,50
16,4096,nb,98304,0.0009465705,50
16,4096,nb,131072,0.0010447809999999998,50
16,4096,nb,196608,0.0011676555,50
16,4096,nb,262144,0.0013616915000000001,50
16,4096,nb,393216,0.0016331995,50
16,4096,nb,524288,0.0536163215,50
16,4096,nb,786432,0.05657817,50
16,4096,nb,1048576,0.14208097050000001,50
16,4096,nb,1572864,0.14290750949999997,50
16,4096,nb,2097152,0.1434606005,50
16,4096,nb,3145728,0.1444155715,50
16,4096,nb,4194304,0.18167268749999999,50
16,4096,nb,6291456,0.17293243800000002,50
16,4096,nb,8388608,0.1752040055,50
16,4096,nb,12582912,0.181993545,50
16,4096,nb,16777216,0.1911390845,50
16,4096,nb,25165824,0.20014070150000002,50
16,4096,nb,33554432,0.2122846995,50
16,4096,pipelined_tree,2,0.000249078,50
16,4096,pipelined_tree,3,0.0002495915,50
16,4096,pipelined_tree,4,0.0002497585,50
16,4096,pipelined_tree,6,0.0002475965,50
16,4096,pipelined_tree,8,0.0002451915,50
16,4096,pipelined_tree,12,0.0002491245,50
16,4096,pipelined_tree,16,0.00024723750000000004,50
16,4096,pipelined_tree,24,0.000245527,50
16,4096,pipelined_tree,32,0.000247024,50
16,4096,pipelined_tree,48,0.0002469385,50
16,4096,pipelined_tree,64,0.0002476235,50
16,4096,pipelined_tree,96,0.0002498155,50
16,4096,pipelined_tree,128,0.0002484755,50
16,4096,pipelined_tree,192,0.00026055999999999996,50
16,4096,pipelined_tree,256,0.0002686485,50
16,4096,pipelined_tree,384,0.00026984350000000003,50
16,4096,pipelined_tree,512,0.0003061705,50
16,4096,pipelined_tree,768,0.000308057,50
16,4096,pipelined_tree,1024,0.00042686199999999997,50
16,4096,pipelined_tree,1536,0.00036341849999999996,50
16,4096,pipelined_tree,2048,0.00036276850000000003,50
16,4096,pipelined_tree,3072,0.000368149,50
16,4096,pipelined_tree,4096,0.0003717825,50
16,4096,pipelined_tree,6144,0.00037563799999999997,50
16,4096,pipelined_tree,8192,0.000391974,50
16,4096,pipelined_tree,12288,0.000496748,50
16,4096,pipelined_tree,16384,0.0005260130000000001,50
16,4096,pipelined_tree,24576,0.0006514145000000001,50
16,4096,pipelined_tree,32768,0.0007748385000000001,50
16,4096,pipelined_tree,49152,0.00100727,50
16,4096,pipelined_tree,65536,0.001241645,50
16,4096,pipelined_tree,98304,0.0017079235,50
16,4096,pipelined_tree,131072,0.002169831,50
16,4096,pipelined_tree,196608,0.003105252,50
16,4096,pipelined_tree,262144,0.0040367865,50
16,4096,pipelined_tree,393216,0.0059001425,50
16,4096,pipelined_tree,524288,0.007661888,50
16,4096,pipelined_tree,786432,0.011251493500000001,50
16,4096,pipelined_tree,1048576,0.014833490000000001,50
16,4096,pipelined_tree,1572864,0.022101687000000002,50
16,4096,pipelined_tree,2097152,0.029571038,50
16,4096,pipelined_tree,3145728,0.044762248500000004,50
16,4096,pipelined_tree,4194304,0.0598895315,50
16,4096,pipelined_tree,6291456,0.0901650715,50
16,4096,pipelined_tree,8388608,0.12091848899999999,50
16,4096,pipelined_tree,12582912,0.1823178545,50
16,4096,pipelined_tree,16777216,0.24299621799999999,50
16,4096,pipelined_tree,25165824,0.363316796,50
16,4096,pipelined_tree,33554432,0.4847850675,50
16,4096,scatter_recursive_doubling_allgather,2,0.00030796649999999997,50
16,4096,scatter_recursive_doubling_allgather,3,0.00031003400000000005,50
16,4096,scatter_recursive_doubling_allgather,4,0.000306596,50
16,4096,scatter_recursive_doubling_allgather,6,0.0003092835,50
16,4096,scatter_recursive_doubling_allgather,8,0.000308662,50
16,4096,scatter_recursive_doubling_allgather,12,0.0003095825,50
16,4096,scatter_recursive_doubling_allgather,16,0.00030875499999999997,50
16,4096,scatter_recursive_doubling_allgather,24,0.000311933,50
16,4096,scatter_recursive_doubling_allgather,32,0.00031143,50
16,4096,scatter_recursive_doubling_allgather,48,0.0003118185,50
16,4096,scatter_recursive_doubling_allgather,64,0.0003079615,50
16,4096,scatter_recursive_doubling_allgather,96,0.0003080135,50
16,4096,scatter_recursive_doubling_allgather,128,0.00031469500000000004,50
16,4096,scatter_recursive_doubling_allgather,192,0.000315187,50
16,4096,scatter_recursive_doubling_allgather,256,0.000351624,50
16,4096,scatter_recursive_doubling_allgather,384,0.000369721,50
16,4096,scatter_recursive_doubling_allgather,512,0.000407794,50
16,4096,scatter_recursive_doubling_allgather,768,0.0004499355,50
16,4096,scatter_recursive_doubling_allgather,1024,0.000477138,50
16,4096,scatter_recursive_doubling_allgather,1536,0.0005153715,50
16,4096,scatter_recursive_doubling_allgather,2048,0.000534051,50
16,4096,scatter_recursive_doubling_allgather,3072,0.0005782215,50
16,4096,scatter_recursive_doubling_allgather,4096,0.000578214,50
16,4096,scatter_recursive_doubling_allgather,6144,0.0006222395,50
16,4096,scatter_recursive_doubling_allgather,8192,0.0006284335,50
16,4096,scatter_recursive_doubling_allgather,12288,0.0006203165,50
16,4096,scatter_recursive_doubling_allgather,16384,0.0006830775,50
16,4096,scatter_recursive_doubling_allgather,24576,0.000685001,50
16,4096,scatter_recursive_doubling_allgather,32768,0.000750557,50
16,4096,scatter_recursive_doubling_allgather,49152,0.000765348,50
16,4096,scatter_recursive_doubling_allgather,65536,0.0008315275,50
16,4096,scatter_recursive_doubling_allgather,98304,0.0008623694999999999,50
16,4096,scatter_recursive_doubling_allgather,131072,0.000953911,50
16,4096,scatter_recursive_doubling_allgather,196608,0.001029778,50
16,4096,scatter_recursive_doubling_allgather,262144,0.0011694125,50
16,4096,scatter_recursive_doubling_allgather,393216,0.0013251695,50
16,4096,scatter_recursive_doubling_allgather,524288,0.001539571,50
16,4096,scatter_recursive_doubling_allgather,786432,0.0018991799999999999,50
16,4096,scatter_recursive_doubling_allgather,1048576,0.0022779885,50
16,4096,scatter_recursive_doubling_allgather,1572864,0.0029850494999999998,50
16,4096,scatter_recursive_doubling_allgather,2097152,0.003717007,50
16,4096,scatter_recursive_doubling_allgather,3145728,0.0051654405,50
16,4096,scatter_recursive_doubling_allgather,4194304,0.0066637195,50
16,4096,scatter_recursive_doubling_allgather,6291456,0.009677841,50
16,4096,scatter_recursive_doubling_allgather,8388608,0.0128593435,50
16,4096,scatter_recursive_doubling_allgather,12582912,0.0195572875,50
16,4096,scatter_recursive_doubling_allgather,16777216,0.0266555205,50
16,4096,scatter_recursive_doubling_allgather,25165824,0.0416109445,50
16,4096,scatter_recursive_doubling_allgather,33554432,0.057266656,50
16,4096,scatter_ring_allgather,2,0.0456073255,50
16,4096,scatter_ring_allgather,3,0.0455649615,50
16,4096,scatter_ring_allgather,4,0.0453838885,50
16,4096,scatter_ring_allgather,6,0.04558447,50
16,4096,scatter_ring_allgather,8,0.045536341999999994,50
16,4096,scatter_ring_allgather,12,0.045440677,50
16,4096,scatter_ring_allgather,16,0.045179733,50
16,4096,scatter_ring_allgather,24,0.0452837725,50
16,4096,scatter_ring_allgather,32,0.045240685,50
16,4096,scatter_ring_allgather,48,0.045223544000000004,50
16,4096,scatter_ring_allgather,64,0.045033679,50
16,4096,scatter_ring_allgather,96,0.0449488845,50
16,4096,scatter_ring_allgather,128,0.044896407,50
16,4096,scatter_ring_allgather,192,0.045113205,50
16,4096,scatter_ring_allgather,256,0.045148469499999996,50
16,4096,scatter_ring_allgather,384,0.0451651895,50
16,4096,scatter_ring_allgather,512,0.045073335,50
16,4096,scatter_ring_allgather,768,0.045159095999999996,50
16,4096,scatter_ring_allgather,1024,0.04505959,50
16,4096,scatter_ring_allgather,1536,0.045004649499999994,50
16,4096,scatter_ring_allgather,2048,0.044306437500000004,50
16,4096,scatter_ring_allgather,3072,0.0444011195,50
16,4096,scatter_ring_allgather,4096,0.0443095155,50
16,4096,scatter_ring_allgather,6144,0.044361362,50
16,4096,scatter_ring_allgather,8192,0.044503406,50
16,4096,scatter_ring_allgather,12288,0.0444864305,50
16,4096,scatter_ring_allgather,16384,0.04452316,50
16,4096,scatter_ring_allgather,24576,0.044496659,50
16,4096,scatter_ring_allgather,32768,0.0445863195,50
16,4096,scatter_ring_allgather,49152,0.0444032115,50
16,4096,scatter_ring_allgather,65536,0.0448111075,50
16,4096,scatter_ring_allgather,98304,0.0451351355,50
16,4096,scatter_ring_allgather,131072,0.045660028,50
16,4096,scatter_ring_allgather,196608,0.045498929,50
16,4096,scatter_ring_allgather,262144,0.0455380435,50
16,4096,scatter_ring_allgather,393216,0.0458326095,50
16,4096,scatter_ring_allgather,524288,0.0460474245,50
16,4096,scatter_ring_allgather,786432,0.0482594385,50
16,4096,scatter_ring_allgather,1048576,0.1403675405,50
16,4096,scatter_ring_allgather,1572864,0.141244659,50
16,4096,scatter_ring_allgather,2097152,0.141562453,50
16,4096,scatter_ring_allgather,3145728,0.1424445715,50
16,4096,scatter_ring_allgather,4194304,0.1771866075,50
16,4096,scatter_ring_allgather,6291456,0.1681411635,50
16,4096,scatter_ring_allgather,8388608,0.1693815415,50
16,4096,scatter_ring_allgather,12582912,0.17297904749999998,50
16,4096,scatter_ring_allgather,16777216,0.1785494355,50
16,4096,scatter_ring_allgather,25165824,0.1831686595,50
16,4096,scatter_ring_allgather,33554432,0.1919467615,50
16,4096,tree,2,0.000248305,50
16,4096,tree,3,0.000245445,50
16,4096,tree,4,0.00024457799999999996,50
16,4096,tree,6,0.000244662,50
16,4096,tree,8,0.000243599,50
16,4096,tree,12,0.000242707,50
16,4096,tree,16,0.000243315,50
16,4096,tree,24,0.0002450645,50
16,4096,tree,32,0.0002448495,50
16,4096,tree,48,0.000244074,50
16,4096,tree,64,0.0002448335,50
16,4096,tree,96,0.00024234350000000002,50
16,4096,tree,128,0.0002436505,50
16,4096,tree,192,0.00025587449999999996,50
16,4096,tree,256,0.000263569,50
16,4096,tree,384,0.000266056,50
16,4096,tree,512,0.0003012925,50
16,4096,tree,768,0.0003023225,50
16,4096,tree,1024,0.000421288,50
16,4096,tree,1536,0.000355902,50
16,4096,tree,2048,0.0003563195,50
16,4096,tree,3072,0.000357843,50
16,4096,tree,4096,0.000364339,50
16,4096,tree,6144,0.0003681575,50
16,4096,tree,8192,0.00038276,50
16,4096,tree,12288,0.0004108035,50
16,4096,tree,16384,0.000417738,50
16,4096,tree,24576,0.00045228499999999997,50
16,4096,tree,32768,0.0004971795,50
16,4096,tree,49152,0.000582808,50
16,4096,tree,65536,0.00073416,50
16,4096,tree,98304,0.0008965435,50
16,4096,tree,131072,0.0010817819999999999,50
16,4096,tree,196608,0.0014195175,50
16,4096,tree,262144,0.001784032,50
16,4096,tree,393216,0.0024047565,50
16,4096,tree,524288,0.0030649535,50
16,4096,tree,786432,0.0043748625,50
16,4096,tree,1048576,0.0057854955,50
16,4096,tree,1572864,0.008506605,50
16,4096,tree,2097152,0.011335074,50
16,4096,tree,3145728,0.017199534,50
16,4096,tree,4194304,0.022596255500000002,50
16,4096,tree,6291456,0.034218847,50
16,4096,tree,8388608,0.046229663500000004,50
16,4096,tree,12582912,0.07031499599999999,50
16,4096,tree,16777216,0.09535548699999999,50
16,4096,tree,25165824,0.14563304500000002,50
16,4096,tree,33554432,0.19668394449999999,50
32,2048,binomial,2,0.0001837075,20
32,2048,binomial,3,0.00018523649999999998,20
32,2048,binomial,4,0.000183588,20
32,2048,binomial,6,0.0001875165,20
32,2048,binomial,8,0.000181451,20
32,2048,binomial,12,0.00018838349999999998,20
32,2048,binomial,16,0.00017967150000000002,20
32,2048,binomial,24,0.000186381,20
32,2048,binomial,32,0.0001797885,20
32,2048,binomial,48,0.000183386,20
32,2048,binomial,64,0.00018289549999999998,20
32,2048,binomial,96,0.00018294349999999998,20
32,2048,binomial,128,0.00018385599999999998,20
32,2048,binomial,192,0.0001864595,20
32,2048,binomial,256,0.0002412405,20
32,2048,binomial,384,0.000238807,20
32,2048,binomial,512,0.000246379,20
32,2048,binomial,768,0.0002462555,20
32,2048,binomial,1024,0.000277516,20
32,2048,binomial,1536,0.00026454500000000004,20
32,2048,binomial,2048,0.00026681100000000004,20
32,2048,binomial,3072,0.000264563,20
32,2048,binomial,4096,0.000267566,20
32,2048,binomial,6144,0.000270106,20
32,2048,binomial,8192,0.0002928205,20
32,2048,binomial,12288,0.00030770950000000004,20
32,2048,binomial,16384,0.000318656,20
32,2048,binomial,24576,0.00034122000000000004,20
32,2048,binomial,32768,0.0003792165,20
32,2048,binomial,49152,0.00043369800000000005,20
32,2048,binomial,65536,0.000508569,20
32,2048,binomial,98304,0.0005656325,20
32,2048,binomial,131072,0.0006580745,20
32,2048,binomial,196608,0.0008184465,20
32,2048,binomial,262144,0.0009758284999999999,20
32,2048,binomial,393216,0.0012819985,20
32,2048,binomial,524288,0.001592206,20
32,2048,binomial,786432,0.002203663,20
32,2048,binomial,1048576,0.002850021,20
32,2048,binomial,1572864,0.0040895815,20
32,2048,binomial,2097152,0.005303342,20
32,2048,binomial,3145728,0.0077210774999999995,20
32,2048,binomial,4194304,0.010132043,20
32,2048,binomial,6291456,0.015038871,20
32,2048,binomial,8388608,0.0203129805,20
32,2048,binomial,12582912,0.0312114135,20
32,2048,binomial,16777216,0.0415919525,20
32,2048,binomial,25165824,0.063461979,20
32,2048,binomial,33554432,0.0855557415,20
32,2048,circ_graph,2,0.0001801485,20
32,2048,circ_graph,3,0.0001756035,20
32,2048,circ_graph,4,0.00017309349999999999,20
32,2048,circ_graph,6,0.00017608750000000002,20
32,2048,circ_graph,8,0.000174255,20
32,2048,circ_graph,12,0.000175699,20
32,2048,circ_graph,16,0.000175487,20
32,2048,circ_graph,24,0.0001740935,20
32,2048,circ_graph,32,0.0001732735,20
32,2048,circ_graph,48,0.0001733725,20
32,2048,circ_graph,64,0.0001751195,20
32,2048,circ_graph,96,0.000178451,20
32,2048,circ_graph,128,0.000177454,20
32,2048,circ_graph,192,0.000182136,20
32,2048,circ_graph,256,0.000197672,20
32,2048,circ_graph,384,0.0002031485,20
32,2048,circ_graph,512,0.000224697,20
32,2048,circ_graph,768,0.0002210755,20
32,2048,circ_graph,1024,0.000337438,20
32,2048,circ_graph,1536,0.000254435,20
32,2048,circ_graph,2048,0.00023709300000000002,20
32,2048,circ_graph,3072,0.00023768,20
32,2048,circ_graph,4096,0.00025105,20
32,2048,circ_graph,6144,0.00024415099999999996,20
32,2048,circ_graph,8192,0.00025777199999999997,20
32,2048,circ_graph,12288,0.0002811035,20
32,2048,circ_graph,16384,0.0002906385,20
32,2048,circ_graph,24576,0.00032548449999999997,20
32,2048,circ_graph,32768,0.0003665815,20
32,2048,circ_graph,49152,0.000443714,20
32,2048,circ_graph,65536,0.0006086065,20
32,2048,circ_graph,98304,0.000778858,20
32,2048,circ_graph,131072,0.000987446,20
32,2048,circ_graph,196608,0.001154741,20
32,2048,circ_graph,262144,0.001198481,20
32,2048,circ_graph,393216,0.001382616,20
32,2048,circ_graph,524288,0.0016222415000000001,20
32,2048,circ_graph,786432,0.002450548,20
32,2048,circ_graph,1048576,0.003079958,20
32,2048,circ_graph,1572864,0.0035635115,20
32,2048,circ_graph,2097152,0.005272021,20
32,2048,circ_graph,3145728,0.0075447150000000004,20
32,2048,circ_graph,4194304,0.010316464000000001,20
32,2048,circ_graph,6291456,0.0154708645,20
32,2048,circ_graph,8388608,0.0213052225,20
32,2048,circ_graph,12582912,0.0321816415,20
32,2048,circ_graph,16777216,0.043172063499999996,20
32,2048,circ_graph,25165824,0.0642598495,20
32,2048,circ_graph,33554432,0.0852161125,20
32,2048,nb,2,0.000162143,20
32,2048,nb,3,0.000163678,20
32,2048,nb,4,0.000166467,20
32,2048,nb,6,0.000164531,20
32,2048,nb,8,0.000163908,20
32,2048,nb,12,0.0001653975,20
32,2048,nb,16,0.0001647755,20
32,2048,nb,24,0.00016294900000000001,20
32,2048,nb,32,0.00016199550000000002,20
32,2048,nb,48,0.0001630635,20
32,2048,nb,64,0.000162331,20
32,2048,nb,96,0.0001639195,20
32,2048,nb,128,0.0001641735,20
32,2048,nb,192,0.00016614800000000002,20
32,2048,nb,256,0.00016821099999999998,20
32,2048,nb,384,0.0001681805,20
32,2048,nb,512,0.000175014,20
32,2048,nb,768,0.0001786265,20
32,2048,nb,1024,0.000212435,20
32,2048,nb,1536,0.0002030705,20
32,2048,nb,2048,0.00020589650000000002,20
32,2048,nb,3072,0.0002034335,20
32,2048,nb,4096,0.000211073,20
32,2048,nb,6144,0.0002127125,20
32,2048,nb,8192,0.000224811,20
32,2048,nb,12288,0.0006486265,20
32,2048,nb,16384,0.0006940315000000001,20
32,2048,nb,24576,0.0007093885,20
32,2048,nb,32768,0.0007717415,20
32,2048,nb,49152,0.000765174,20
32,2048,nb,65536,0.0008377365,20
32,2048,nb,98304,0.0008977779999999999,20
32,2048,nb,131072,0.0009895985000000001,20
32,2048,nb,196608,0.0011524255,20
32,2048,nb,262144,0.0013401975,20
32,2048,nb,393216,0.001695668,20
32,2048,nb,524288,0.0682396635,20
32,2048,nb,786432,0.0684334705,20
32,2048,nb,1048576,0.0686510765,20
32,2048,nb,1572864,0.0690665615,20
32,2048,nb,2097152,0.0853168585,20
32,2048,nb,3145728,0.08093567,20
32,2048,nb,4194304,0.082614701,20
32,2048,nb,6291456,0.085076941,20
32,2048,nb,8388608,0.0884647185,20
32,2048,nb,12582912,0.094295906,20
32,2048,nb,16777216,0.100041769,20
32,2048,nb,25165824,0.114451458,20
32,2048,nb,33554432,0.12918898350000002,20
32,2048,pipelined_tree,2,0.000224053,20
32,2048,pipelined_tree,3,0.0002246305,20
32,2048,pipelined_tree,4,0.000220757,20
32,2048,pipelined_tree,6,0.000224021,20
32,2048,pipelined_tree,8,0.0002307025,20
32,2048,pipelined_tree,12,0.00022055350000000002,20
32,2048,pipelined_tree,16,0.00022351899999999999,20
32,2048,pipelined_tree,24,0.0002214555,20
32,2048,pipelined_tree,32,0.0002240915,20
32,2048,pipelined_tree,48,0.000227659,20
32,2048,pipelined_tree,64,0.00028895950000000004,20
32,2048,pipelined_tree,96,0.000219826,20
32,2048,pipelined_tree,128,0.0002237415,20
32,2048,pipelined_tree,192,0.00023217099999999998,20
32,2048,pipelined_tree,256,0.000253195,20
32,2048,pipelined_tree,384,0.0002604285,20
32,2048,pipelined_tree,512,0.0002909385,20
32,2048,pipelined_tree,768,0.000290813,20
32,2048,pipelined_tree,1024,0.0004131305,20
32,2048,pipelined_tree,1536,0.0003449865,20
32,2048,pipelined_tree,2048,0.0003458995,20
32,2048,pipelined_tree,3072,0.000342079,20
32,2048,pipelined_tree,4096,0.00034663,20
32,2048,pipelined_tree,6144,0.0003536175,20
32,2048,pipelined_tree,8192,0.00037269099999999997,20
32,2048,pipelined_tree,12288,0.000494726,20
32,2048,pipelined_tree,16384,0.0005306995,20
32,2048,pipelined_tree,24576,0.0006713870000000001,20
32,2048,pipelined_tree,32768,0.0008083224999999999,20
32,2048,pipelined_tree,49152,0.0010802605000000002,20
32,2048,pipelined_tree,65536,0.0013538085,20
32,2048,pipelined_tree,98304,0.001891747,20
32,2048,pipelined_tree,131072,0.002419245,20
32,2048,pipelined_tree,196608,0.003484256,20
32,2048,pipelined_tree,262144,0.0045529674999999995,20
32,2048,pipelined_tree,393216,0.0066834835,20
32,2048,pipelined_tree,524288,0.008799946,20
32,2048,pipelined_tree,786432,0.013047765999999999,20
32,2048,pipelined_tree,1048576,0.0173160255,20
32,2048,pipelined_tree,1572864,0.027293366,20
32,2048,pipelined_tree,2097152,0.0374776875,20
32,2048,pipelined_tree,3145728,0.0578727835,20
32,2048,pipelined_tree,4194304,0.07836394799999999,20
32,2048,pipelined_tree,6291456,0.119791398,20
32,2048,pipelined_tree,8388608,0.16103973100000002,20
32,2048,pipelined_tree,12582912,0.244140904,20
32,2048,pipelined_tree,16777216,0.32580510100000004,20
32,2048,pipelined_tree,25165824,0.491427653,20
32,2048,pipelined_tree,33554432,0.660244179,20
32,2048,scatter_recursive_doubling_allgather,2,0.000329688,20
32,2048,scatter_recursive_doubling_allgather,3,0.0002997415,20
32,2048,scatter_recursive_doubling_allgather,4,0.000300326,20
32,2048,scatter_recursive_doubling_allgather,6,0.0002993215,20
32,2048,scatter_recursive_doubling_allgather,8,0.000296182,20
32,2048,scatter_recursive_doubling_allgather,12,0.000299731,20
32,2048,scatter_recursive_doubling_allgather,16,0.0003446155,20
32,2048,scatter_recursive_doubling_allgather,24,0.000298742,20
32,2048,scatter_recursive_doubling_allgather,32,0.000302166,20
32,2048,scatter_recursive_doubling_allgather,48,0.000309231,20
32,2048,scatter_recursive_doubling_allgather,64,0.0002984525,20
32,2048,scatter_recursive_doubling_allgather,96,0.000309004,20
32,2048,scatter_recursive_doubling_allgather,128,0.0002997135,20
32,2048,scatter_recursive_doubling_allgather,192,0.00031401300000000003,20
32,2048,scatter_recursive_doubling_allgather,256,0.0003583995,20
32,2048,scatter_recursive_doubling_allgather,384,0.00037298349999999997,20
32,2048,scatter_recursive_doubling_allgather,512,0.0004123535,20
32,2048,scatter_recursive_doubling_allgather,768,0.0004444985,20
32,2048,scatter_recursive_doubling_allgather,1024,0.0004714115,20
32,2048,scatter_recursive_doubling_allgather,1536,0.0005056095,20
32,2048,scatter_recursive_doubling_allgather,2048,0.0005328329999999999,20
32,2048,scatter_recursive_doubling_allgather,3072,0.000594631,20
32,2048,scatter_recursive_doubling_allgather,4096,0.0005937024999999999,20
32,2048,scatter_recursive_doubling_allgather,6144,0.000590386,20
32,2048,scatter_recursive_doubling_allgather,8192,0.0006870515,20
32,2048,scatter_recursive_doubling_allgather,12288,0.0006750059999999999,20
32,2048,scatter_recursive_doubling_allgather,16384,0.0007319469999999999,20
32,2048,scatter_recursive_doubling_allgather,24576,0.0007175895,20
32,2048,scatter_recursive_doubling_allgather,32768,0.0007767675,20
32,2048,scatter_recursive_doubling_allgather,49152,0.0007694655,20
32,2048,scatter_recursive_doubling_allgather,65536,0.0008477095,20
32,2048,scatter_recursive_doubling_allgather,98304,0.0008816885,20
32,2048,scatter_recursive_doubling_allgather,131072,0.0009591230000000001,20
32,2048,scatter_recursive_doubling_allgather,196608,0.0010669030000000001,20
32,2048,scatter_recursive_doubling_allgather,262144,0.001211387,20
32,2048,scatter_recursive_doubling_allgather,393216,0.001487635,20
32,2048,scatter_recursive_doubling_allgather,524288,0.001797945,20
32,2048,scatter_recursive_doubling_allgather,786432,0.0023499035,20
32,2048,scatter_recursive_doubling_allgather,1048576,0.0029432365,20
32,2048,scatter_recursive_doubling_allgather,1572864,0.0040537405,20
32,2048,scatter_recursive_doubling_allgather,2097152,0.005251368,20
32,2048,scatter_recursive_doubling_allgather,3145728,0.0076125870000000005,20
32,2048,scatter_recursive_doubling_allgather,4194304,0.010143542,20
32,2048,scatter_recursive_doubling_allgather,6291456,0.015694824500000003,20
32,2048,scatter_recursive_doubling_allgather,8388608,0.0218187245,20
32,2048,scatter_recursive_doubling_allgather,12582912,0.0346335255,20
32,2048,scatter_recursive_doubling_allgather,16777216,0.0477669285,20
32,2048,scatter_recursive_doubling_allgather,25165824,0.075951967,20
32,2048,scatter_recursive_doubling_allgather,33554432,0.1043626185,20
32,2048,scatter_ring_allgather,2,0.023634784,20
32,2048,scatter_ring_allgather,3,0.0235610465,20
32,2048,scatter_ring_allgather,4,0.0235233145,20
32,2048,scatter_ring_allgather,6,0.0235074045,20
32,2048,scatter_ring_allgather,8,0.023478625000000003,20
32,2048,scatter_ring_allgather,12,0.02348003,20
32,2048,scatter_ring_allgather,16,0.0235798605,20
32,2048,scatter_ring_allgather,24,0.0235776535,20
32,2048,scatter_ring_allgather,32,0.023552803,20
32,2048,scatter_ring_allgather,48,0.023502305,20
32,2048,scatter_ring_allgather,64,0.0234745635,20
32,2048,scatter_ring_allgather,96,0.0234713115,20
32,2048,scatter_ring_allgather,128,0.0234471635,20
32,2048,scatter_ring_allgather,192,0.023515538000000002,20
32,2048,scatter_ring_allgather,256,0.0234825185,20
32,2048,scatter_ring_allgather,384,0.0235148895,20
32,2048,scatter_ring_allgather,512,0.023520727499999998,20
32,2048,scatter_ring_allgather,768,0.0235193105,20
32,2048,scatter_ring_allgather,1024,0.023520481000000003,20
32,2048,scatter_ring_allgather,1536,0.023663721,20
32,2048,scatter_ring_allgather,2048,0.023883492,20
32,2048,scatter_ring_allgather,3072,0.023698274,20
32,2048,scatter_ring_allgather,4096,0.0239340365,20
32,2048,scatter_ring_allgather,6144,0.023866337,20
32,2048,scatter_ring_allgather,8192,0.023759272499999998,20
32,2048,scatter_ring_allgather,12288,0.023823932,20
32,2048,scatter_ring_allgather,16384,0.023854451999999998,20
32,2048,scatter_ring_allgather,24576,0.023854401,20
32,2048,scatter_ring_allgather,32768,0.0238638415,20
32,2048,scatter_ring_allgather,49152,0.0239080435,20
32,2048,scatter_ring_allgather,65536,0.023935421999999998,20
32,2048,scatter_ring_allgather,98304,0.024035594,20
32,2048,scatter_ring_allgather,131072,0.024132110499999998,20
32,2048,scatter_ring_allgather,196608,0.0243090335,20
32,2048,scatter_ring_allgather,262144,0.024466751000000002,20
32,2048,scatter_ring_allgather,393216,0.0260571235,20
32,2048,scatter_ring_allgather,524288,0.067863055,20
32,2048,scatter_ring_allgather,786432,0.06819518899999999,20
32,2048,scatter_ring_allgather,1048576,0.06844136649999999,20
32,2048,scatter_ring_allgather,1572864,0.06884449949999999,20
32,2048,scatter_ring_allgather,2097152,0.08940100349999999,20
32,2048,scatter_ring_allgather,3145728,0.081489255,20
32,2048,scatter_ring_allgather,4194304,0.08196747300000001,20
32,2048,scatter_ring_allgather,6291456,0.084295841,20
32,2048,scatter_ring_allgather,8388608,0.08678661400000001,20
32,2048,scatter_ring_allgather,12582912,0.0898855195,20
32,2048,scatter_ring_allgather,16777216,0.094875069,20
32,2048,scatter_ring_allgather,25165824,0.10457243050000001,20
32,2048,scatter_ring_allgather,33554432,0.11303311399999999,20
32,2048,tree,2,0.00025345049999999996,20
32,2048,tree,3,0.000248357,20
32,2048,tree,4,0.00024438650000000004,20
32,2048,tree,6,0.0002490545,20
32,2048,tree,8,0.0002396125,20
32,2048,tree,12,0.0002427465,20
32,2048,tree,16,0.0002461815,20
32,2048,tree,24,0.00024103649999999998,20
32,2048,tree,32,0.00024242950000000001,20
32,2048,tree,48,0.000244258,20
32,2048,tree,64,0.0002434235,20
32,2048,tree,96,0.000243971,20
32,2048,tree,128,0.000247791,20
32,2048,tree,192,0.00025999050000000004,20
32,2048,tree,256,0.00028275299999999995,20
32,2048,tree,384,0.000275564,20
32,2048,tree,512,0.00031413199999999995,20
32,2048,tree,768,0.000316647,20
32,2048,tree,1024,0.00042632200000000003,20
32,2048,tree,1536,0.0003592765,20
32,2048,tree,2048,0.0003568035,20
32,2048,tree,3072,0.0003665745,20
32,2048,tree,4096,0.000366494,20
32,2048,tree,6144,0.000379082,20
32,2048,tree,8192,0.000394028,20
32,2048,tree,12288,0.0004264725,20
32,2048,tree,16384,0.00043158400000000005,20
32,2048,tree,24576,0.0004685465,20
32,2048,tree,32768,0.0005134995,20
32,2048,tree,49152,0.000597098,20
32,2048,tree,65536,0.0007814515,20
32,2048,tree,98304,0.000971992,20
32,2048,tree,131072,0.001191638,20
32,2048,tree,196608,0.0015938325,20
32,2048,tree,262144,0.002061971,20
32,2048,tree,393216,0.0029055285,20
32,2048,tree,524288,0.0037364234999999997,20
32,2048,tree,786432,0.0055126545,20
32,2048,tree,1048576,0.0074858605,20
32,2048,tree,1572864,0.011185713,20
32,2048,tree,2097152,0.015568367999999999,20
32,2048,tree,3145728,0.0239304735,20
32,2048,tree,4194304,0.0323283145,20
32,2048,tree,6291456,0.049531689500000003,20
32,2048,tree,8388608,0.066079196,20
32,2048,tree,12582912,0.1014750495,20
32,2048,tree,16777216,0.1354110625,20
32,2048,tree,25165824,0.204235123,20
32,2048,tree,33554432,0.2757163715,20
32,4096,binomial,2,0.000185127,20
32,4096,binomial,3,0.0001939555,20
32,4096,binomial,4,0.0001942935,20
32,4096,binomial,6,0.0001913555,20
32,4096,binomial,8,0.00019259,20
32,4096,binomial,12,0.000193012,20
32,4096,binomial,16,0.0001876705,20
32,4096,binomial,24,0.000193632,20
32,4096,binomial,32,0.0001955875,20
32,4096,binomial,48,0.0001975155,20
32,4096,binomial,64,0.00019144300000000002,20
32,4096,binomial,96,0.000195303,20
32,4096,binomial,128,0.000193607,20
32,4096,binomial,192,0.00019748649999999998,20
32,4096,binomial,256,0.0002626525,20
32,4096,binomial,384,0.00025835850000000004,20
32,4096,binomial,512,0.000261748,20
32,4096,binomial,768,0.00027071,20
32,4096,binomial,1024,0.0003008945,20
32,4096,binomial,1536,0.000281986,20
32,4096,binomial,2048,0.000284636,20
32,4096,binomial,3072,0.00029040649999999995,20
32,4096,binomial,4096,0.0002875035,20
32,4096,binomial,6144,0.0003053735,20
32,4096,binomial,8192,0.000322782,20
32,4096,binomial,12288,0.000407929,20
32,4096,binomial,16384,0.0003415245,20
32,4096,binomial,24576,0.0003681315,20
32,4096,binomial,32768,0.0004299225,20
32,4096,binomial,49152,0.0004712975,20
32,4096,binomial,65536,0.0005590085,20
32,4096,binomial,98304,0.0006170415,20
32,4096,binomial,131072,0.000715678,20
32,4096,binomial,196608,0.0009002355,20
32,4096,binomial,262144,0.0010846405000000002,20
32,4096,binomial,393216,0.0014162625,20
32,4096,binomial,524288,0.001770845,20
32,4096,binomial,786432,0.0024386060000000003,20
32,4096,binomial,1048576,0.0031629905,20
32,4096,binomial,1572864,0.004559384,20
32,4096,binomial,2097152,0.0059696855,20
32,4096,binomial,3145728,0.008716657,20
32,4096,binomial,4194304,0.011441157,20
32,4096,binomial,6291456,0.016976056,20
32,4096,binomial,8388608,0.0228097635,20
32,4096,binomial,12582912,0.034826643,20
32,4096,binomial,16777216,0.0467799185,20
32,4096,binomial,25165824,0.071328697,20
32,4096,binomial,33554432,0.095688423,20
32,4096,circ_graph,2,0.0001995335,20
32,4096,circ_graph,3,0.00019840249999999998,20
32,4096,circ_graph,4,0.0001970485,20
32,4096,circ_graph,6,0.0001969195,20
32,4096,circ_graph,8,0.000198076,20
32,4096,circ_graph,12,0.0001990665,20
32,4096,circ_graph,16,0.000195548,20
32,4096,circ_graph,24,0.0001940615,20
32,4096,circ_graph,32,0.000195681,20
32,4096,circ_graph,48,0.000195625,20
32,4096,circ_graph,64,0.0001978365,20
32,4096,circ_graph,96,0.0001983765,20
32,4096,circ_graph,128,0.000199037,20
32,4096,circ_graph,192,0.0002057125,20
32,4096,circ_graph,256,0.0002307175,20
32,4096,circ_graph,384,0.0002405455,20
32,4096,circ_graph,512,0.00025366150000000003,20
32,4096,circ_graph,768,0.0002516465,20
32,4096,circ_graph,1024,0.000388186,20
32,4096,circ_graph,1536,0.00027529249999999996,20
32,4096,circ_graph,2048,0.0002733945,20
32,4096,circ_graph,3072,0.00028199249999999996,20
32,4096,circ_graph,4096,0.000286524,20
32,4096,circ_graph,6144,0.00028876499999999996,20
32,4096,circ_graph,8192,0.000298336,20
32,4096,circ_graph,12288,0.0003255005,20
32,4096,circ_graph,16384,0.0003539725,20
32,4096,circ_graph,24576,0.0003792805,20
32,4096,circ_graph,32768,0.000429851,20
32,4096,circ_graph,49152,0.000522126,20
32,4096,circ_graph,65536,0.0007270975,20
32,4096,circ_graph,98304,0.0008965010000000001,20
32,4096,circ_graph,131072,0.0011725084999999998,20
32,4096,circ_graph,196608,0.001188687,20
32,4096,circ_graph,262144,0.001358861,20
32,4096,circ_graph,393216,0.0014957675,20
32,4096,circ_graph,524288,0.0016770420000000001,20
32,4096,circ_graph,786432,0.0025781364999999997,20
32,4096,circ_graph,1048576,0.0032651545,20
32,4096,circ_graph,1572864,0.0040344595,20
32,4096,circ_graph,2097152,0.005034647,20
32,4096,circ_graph,3145728,0.007824122,20
32,4096,circ_graph,4194304,0.0111343445,20
32,4096,circ_graph,6291456,0.0173549765,20
32,4096,circ_graph,8388608,0.022029644,20
32,4096,circ_graph,12582912,0.034929077,20
32,4096,circ_graph,16777216,0.046300638,20
32,4096,circ_graph,25165824,0.0677926975,20
32,4096,circ_graph,33554432,0.09106586750000001,20
32,4096,nb,2,0.00021143749999999998,20
32,4096,nb,3,0.00020196800000000002,20
32,4096,nb,4,0.0002018905,20
32,4096,nb,6,0.0002022565,20
32,4096,nb,8,0.000209965,20
32,4096,nb,12,0.0002057525,20
32,4096,nb,16,0.00019864600000000002,20
32,4096,nb,24,0.0002009555,20
32,4096,nb,32,0.0001988175,20
32,4096,nb,48,0.00020615500000000002,20
32,4096,nb,64,0.0002060195,20
32,4096,nb,96,0.0001950555,20
32,4096,nb,128,0.00020019949999999998,20
32,4096,nb,192,0.0002069185,20
32,4096,nb,256,0.0002088715,20
32,4096,nb,384,0.00021028749999999998,20
32,4096,nb,512,0.00021632299999999998,20
32,4096,nb,768,0.000211986,20
32,4096,nb,1024,0.0002541015,20
32,4096,nb,1536,0.0002451085,20
32,4096,nb,2048,0.000250586,20
32,4096,nb,3072,0.0002450805,20
32,4096,nb,4096,0.000252513,20
32,4096,nb,6144,0.0002501835,20
32,4096,nb,8192,0.000261471,20
32,4096,nb,12288,0.00074693,20
32,4096,nb,16384,0.0008097455,20
32,4096,nb,24576,0.000823376,20
32,4096,nb,32768,0.0008783735,20
32,4096,nb,49152,0.0009009165,20
32,4096,nb,65536,0.000984739,20
32,4096,nb,98304,0.0010530695,20
32,4096,nb,131072,0.0011996379999999998,20
32,4096,nb,196608,0.0013514745,20
32,4096,nb,262144,0.0015668625,20
32,4096,nb,393216,0.001959493,20
32,4096,nb,524288,0.048533945,20
32,4096,nb,786432,0.0514337885,20
32,4096,nb,1048576,0.13708965950000002,20
32,4096,nb,1572864,0.1375932355,20
32,4096,nb,2097152,0.138021679,20
32,4096,nb,3145728,0.1390418905,20
32,4096,nb,4194304,0.182728225,20
32,4096,nb,6291456,0.165142763,20
32,4096,nb,8388608,0.1682729935,20
32,4096,nb,12582912,0.176612049,20
32,4096,nb,16777216,0.1842797555,20
32,4096,nb,25165824,0.1935590115,20
32,4096,nb,33554432,0.20913493700000002,20
32,4096,pipelined_tree,2,0.000277137,20
32,4096,pipelined_tree,3,0.00027674000000000004,20
32,4096,pipelined_tree,4,0.000284104,20
32,4096,pipelined_tree,6,0.0002770585,20
32,4096,pipelined_tree,8,0.000277471,20
32,4096,pipelined_tree,12,0.0002817755,20
32,4096,pipelined_tree,16,0.00027712799999999997,20
32,4096,pipelined_tree,24,0.000278198,20
32,4096,pipelined_tree,32,0.0002736175,20
32,4096,pipelined_tree,48,0.000269662,20
32,4096,pipelined_tree,64,0.00027095799999999996,20
32,4096,pipelined_tree,96,0.000284754,20
32,4096,pipelined_tree,128,0.00027574399999999997,20
32,4096,pipelined_tree,192,0.000288217,20
32,4096,pipelined_tree,256,0.00031406049999999997,20
32,4096,pipelined_tree,384,0.0003122115,20
32,4096,pipelined_tree,512,0.000346766,20
32,4096,pipelined_tree,768,0.0003458385,20
32,4096,pipelined_tree,1024,0.00048370650000000004,20
32,4096,pipelined_tree,1536,0.0004060975,20
32,4096,pipelined_tree,2048,0.000412455,20
32,4096,pipelined_tree,3072,0.000410993,20
32,4096,pipelined_tree,4096,0.000418454,20
32,4096,pipelined_tree,6144,0.0004235015,20
32,4096,pipelined_tree,8192,0.00044489949999999996,20
32,4096,pipelined_tree,12288,0.0005786420000000001,20
32,4096,pipelined_tree,16384,0.000613321,20
32,4096,pipelined_tree,24576,0.0007800675,20
32,4096,pipelined_tree,32768,0.000918048,20
32,4096,pipelined_tree,49152,0.001206306,20
32,4096,pipelined_tree,65536,0.00149475,20
32,4096,pipelined_tree,98304,0.0020806185,20
32,4096,pipelined_tree,131072,0.0026559245,20
32,4096,pipelined_tree,196608,0.003795631,20
32,4096,pipelined_tree,262144,0.0049383775000000005,20
32,4096,pipelined_tree,393216,0.007224589,20
32,4096,pipelined_tree,524288,0.009504917,20
32,4096,pipelined_tree,786432,0.014026296,20
32,4096,pipelined_tree,1048576,0.018580159,20
32,4096,pipelined_tree,1572864,0.0288646515,20
32,4096,pipelined_tree,2097152,0.039390508000000005,20
32,4096,pipelined_tree,3145728,0.060950194,20
32,4096,pipelined_tree,4194304,0.082835785,20
32,4096,pipelined_tree,6291456,0.126836202,20
32,4096,pipelined_tree,8388608,0.17116415899999998,20
32,4096,pipelined_tree,12582912,0.2594191735,20
32,4096,pipelined_tree,16777216,0.34816975,20
32,4096,pipelined_tree,25165824,0.526489852,20
32,4096,pipelined_tree,33554432,0.706586439,20
32,4096,scatter_recursive_doubling_allgather,2,0.00035455450000000004,20
32,4096,scatter_recursive_doubling_allgather,3,0.0003463195,20
32,4096,scatter_recursive_doubling_allgather,4,0.000346692,20
32,4096,scatter_recursive_doubling_allgather,6,0.000353152,20
32,4096,scatter_recursive_doubling_allgather,8,0.000347822,20
32,4096,scatter_recursive_doubling_allgather,12,0.0003518105,20
32,4096,scatter_recursive_doubling_allgather,16,0.00035081,20
32,4096,scatter_recursive_doubling_allgather,24,0.0003472705,20
32,4096,scatter_recursive_doubling_allgather,32,0.000354358,20
32,4096,scatter_recursive_doubling_allgather,48,0.000353668,20
32,4096,scatter_recursive_doubling_allgather,64,0.0003470305,20
32,4096,scatter_recursive_doubling_allgather,96,0.00035590899999999996,20
32,4096,scatter_recursive_doubling_allgather,128,0.000353168,20
32,4096,scatter_recursive_doubling_allgather,192,0.0003585105,20
32,4096,scatter_recursive_doubling_allgather,256,0.00039854,20
32,4096,scatter_recursive_doubling_allgather,384,0.0004105655,20
32,4096,scatter_recursive_doubling_allgather,512,0.000446394,20
32,4096,scatter_recursive_doubling_allgather,768,0.000488188,20
32,4096,scatter_recursive_doubling_allgather,1024,0.000534472,20
32,4096,scatter_recursive_doubling_allgather,1536,0.0005652785,20
32,4096,scatter_recursive_doubling_allgather,2048,0.000598172,20
32,4096,scatter_recursive_doubling_allgather,3072,0.000650873,20
32,4096,scatter_recursive_doubling_allgather,4096,0.0006493944999999999,20
32,4096,scatter_recursive_doubling_allgather,6144,0.0007071885,20
32,4096,scatter_recursive_doubling_allgather,8192,0.000717586,20
32,4096,scatter_recursive_doubling_allgather,12288,0.0007121495,20
32,4096,scatter_recursive_doubling_allgather,16384,0.0008089465,20
32,4096,scatter_recursive_doubling_allgather,24576,0.0008308790000000001,20
32,4096,scatter_recursive_doubling_allgather,32768,0.0008666715,20
32,4096,scatter_recursive_doubling_allgather,49152,0.000862076,20
32,4096,scatter_recursive_doubling_allgather,65536,0.0009598709999999999,20
32,4096,scatter_recursive_doubling_allgather,98304,0.0009894165,20
32,4096,scatter_recursive_doubling_allgather,131072,0.00111345,20
32,4096,scatter_recursive_doubling_allgather,196608,0.001223381,20
32,4096,scatter_recursive_doubling_allgather,262144,0.0013757145,20
32,4096,scatter_recursive_doubling_allgather,393216,0.001659657,20
32,4096,scatter_recursive_doubling_allgather,524288,0.001972827,20
32,4096,scatter_recursive_doubling_allgather,786432,0.0025587405,20
32,4096,scatter_recursive_doubling_allgather,1048576,0.00316814,20
32,4096,scatter_recursive_doubling_allgather,1572864,0.0043343825,20
32,4096,scatter_recursive_doubling_allgather,2097152,0.005552275000000001,20
32,4096,scatter_recursive_doubling_allgather,3145728,0.0080405445,20
32,4096,scatter_recursive_doubling_allgather,4194304,0.010665367,20
32,4096,scatter_recursive_doubling_allgather,6291456,0.0165778565,20
32,4096,scatter_recursive_doubling_allgather,8388608,0.0229011165,20
32,4096,scatter_recursive_doubling_allgather,12582912,0.0360261145,20
32,4096,scatter_recursive_doubling_allgather,16777216,0.0495147485,20
32,4096,scatter_recursive_doubling_allgather,25165824,0.0793832005,20
32,4096,scatter_recursive_doubling_allgather,33554432,0.108341185,20
32,4096,scatter_ring_allgather,2,0.0457888655,20
32,4096,scatter_ring_allgather,3,0.0458039955,20
32,4096,scatter_ring_allgather,4,0.046928779500000004,20
32,4096,scatter_ring_allgather,6,0.0456051885,20
32,4096,scatter_ring_allgather,8,0.046698790500000004,20
32,4096,scatter_ring_allgather,12,0.0455039265,20
32,4096,scatter_ring_allgather,16,0.045502836500000005,20
32,4096,scatter_ring_allgather,24,0.04596621,20
32,4096,scatter_ring_allgather,32,0.04541769,20
32,4096,scatter_ring_allgather,48,0.0457564985,20
32,4096,scatter_ring_allgather,64,0.045443677,20
32,4096,scatter_ring_allgather,96,0.045621057,20
32,4096,scatter_ring_allgather,128,0.0455148835,20
32,4096,scatter_ring_allgather,192,0.046072749999999996,20
32,4096,scatter_ring_allgather,256,0.046398495,20
32,4096,scatter_ring_allgather,384,0.045501028,20
32,4096,scatter_ring_allgather,512,0.046396871500000006,20
32,4096,scatter_ring_allgather,768,0.045823031,20
32,4096,scatter_ring_allgather,1024,0.045513518,20
32,4096,scatter_ring_allgather,1536,0.0457057355,20
32,4096,scatter_ring_allgather,2048,0.0454843125,20
32,4096,scatter_ring_allgather,3072,0.045559291,20
32,4096,scatter_ring_allgather,4096,0.0454581985,20
32,4096,scatter_ring_allgather,6144,0.045697162,20
32,4096,scatter_ring_allgather,8192,0.045542187,20
32,4096,scatter_ring_allgather,12288,0.0455039035,20
32,4096,scatter_ring_allgather,16384,0.046439601999999996,20
32,4096,scatter_ring_allgather,24576,0.045599332,20
32,4096,scatter_ring_allgather,32768,0.0454890325,20
32,4096,scatter_ring_allgather,49152,0.046155877,20
32,4096,scatter_ring_allgather,65536,0.0456258695,20
32,4096,scatter_ring_allgather,98304,0.045689165000000004,20
32,4096,scatter_ring_allgather,131072,0.0456952865,20
32,4096,scatter_ring_allgather,196608,0.045670743,20
32,4096,scatter_ring_allgather,262144,0.045727917,20
32,4096,scatter_ring_allgather,393216,0.0456467195,20
32,4096,scatter_ring_allgather,524288,0.047060336999999994,20
32,4096,scatter_ring_allgather,786432,0.049643542,20
32,4096,scatter_ring_allgather,1048576,0.136847477,20
32,4096,scatter_ring_allgather,1572864,0.13769714,20
32,4096,scatter_ring_allgather,2097152,0.1379664345,20
32,4096,scatter_ring_allgather,3145728,0.138932053,20
32,4096,scatter_ring_allgather,4194304,0.17843565849999998,20
32,4096,scatter_ring_allgather,6291456,0.162588562,20
32,4096,scatter_ring_allgather,8388608,0.1641738245,20
32,4096,scatter_ring_allgather,12582912,0.1683338905,20
32,4096,scatter_ring_allgather,16777216,0.17313325550000003,20
32,4096,scatter_ring_allgather,25165824,0.1781143835,20
32,4096,scatter_ring_allgather,33554432,0.1870946315,20
32,4096,tree,2,0.0002653505,20
32,4096,tree,3,0.0002624725,20
32,4096,tree,4,0.0002628585,20
32,4096,tree,6,0.00026521650000000004,20
32,4096,tree,8,0.0002600115,20
32,4096,tree,12,0.0002603385,20
32,4096,tree,16,0.00026173799999999997,20
32,4096,tree,24,0.0002590385,20
32,4096,tree,32,0.0002672845,20
32,4096,tree,48,0.00026285800000000004,20
32,4096,tree,64,0.000260254,20
32,4096,tree,96,0.0002604235,20
32,4096,tree,128,0.000264551,20
32,4096,tree,192,0.00027640849999999997,20
32,4096,tree,256,0.00029629600000000004,20
32,4096,tree,384,0.000301445,20
32,4096,tree,512,0.00034120600000000004,20
32,4096,tree,768,0.000335888,20
32,4096,tree,1024,0.0004786845,20
32,4096,tree,1536,0.00039177250000000004,20
32,4096,tree,2048,0.0003952585,20
32,4096,tree,3072,0.000404668,20
32,4096,tree,4096,0.000400997,20
32,4096,tree,6144,0.00040981000000000004,20
32,4096,tree,8192,0.000435879,20
32,4096,tree,12288,0.00045348999999999997,20
32,4096,tree,16384,0.0004677915,20
32,4096,tree,24576,0.000505212,20
32,4096,tree,32768,0.0005544149999999999,20
32,4096,tree,49152,0.000659523,20
32,4096,tree,65536,0.0008585315,20
32,4096,tree,98304,0.0010902385,20
32,4096,tree,131072,0.0013453185,20
32,4096,tree,196608,0.001834904,20
32,4096,tree,262144,0.0023507905,20
32,4096,tree,393216,0.003253722,20
32,4096,tree,524288,0.004137885,20
32,4096,tree,786432,0.0059251354999999995,20
32,4096,tree,1048576,0.007875667,20
32,4096,tree,1572864,0.0115339675,20
32,4096,tree,2097152,0.015602043999999999,20
32,4096,tree,3145728,0.0241888795,20
32,4096,tree,4194304,0.032717503,20
32,4096,tree,6291456,0.0511327865,20
32,4096,tree,8388608,0.0747829575,20
32,4096,tree,12582912,0.11276654850000001,20
32,4096,tree,16777216,0.15189171899999998,20
32,4096,tree,25165824,0.22233818049999998,20
32,4096,tree,33554432,0.30227010600000004,20
32,8192,binomial,2,0.0002373955,20
32,8192,binomial,3,0.0002249695,20
32,8192,binomial,4,0.0002353155,20
32,8192,binomial,6,0.000236134,20
32,8192,binomial,8,0.000237605,20
32,8192,binomial,12,0.0002574395,20
32,8192,binomial,16,0.00022979149999999998,20
32,8192,binomial,24,0.0002356785,20
32,8192,binomial,32,0.0002347445,20
32,8192,binomial,48,0.000229355,20
32,8192,binomial,64,0.000231367,20
32,8192,binomial,96,0.000232033,20
32,8192,binomial,128,0.000232021,20
32,8192,binomial,192,0.000235984,20
32,8192,binomial,256,0.000307418,20
32,8192,binomial,384,0.00030063249999999996,20
32,8192,binomial,512,0.00030452750000000003,20
32,8192,binomial,768,0.00030420450000000004,20
32,8192,binomial,1024,0.00035269800000000003,20
32,8192,binomial,1536,0.0003346785,20
32,8192,binomial,2048,0.00032991849999999996,20
32,8192,binomial,3072,0.00033267050000000003,20
32,8192,binomial,4096,0.00033152349999999997,20
32,8192,binomial,6144,0.00033603400000000003,20
32,8192,binomial,8192,0.000360808,20
32,8192,binomial,12288,0.00037892000000000004,20
32,8192,binomial,16384,0.0003930575,20
32,8192,binomial,24576,0.00042456950000000003,20
32,8192,binomial,32768,0.00048033200000000004,20
32,8192,binomial,49152,0.000550722,20
32,8192,binomial,65536,0.0006329705,20
32,8192,binomial,98304,0.000722259,20
32,8192,binomial,131072,0.0008382134999999999,20
32,8192,binomial,196608,0.0010474545,20
32,8192,binomial,262144,0.0012631585,20
32,8192,binomial,393216,0.0016587955,20
32,8192,binomial,524288,0.002062774,20
32,8192,binomial,786432,0.0028572055,20
32,8192,binomial,1048576,0.003712949,20
32,8192,binomial,1572864,0.0053274789999999995,20
32,8192,binomial,2097152,0.006947274999999999,20
32,8192,binomial,3145728,0.010105201000000001,20
32,8192,binomial,4194304,0.013251597,20
32,8192,binomial,6291456,0.019760648999999998,20
32,8192,binomial,8388608,0.0267028095,20
32,8192,binomial,12582912,0.0404306475,20
32,8192,binomial,16777216,0.054109672,20
32,8192,binomial,25165824,0.08204584649999999,20
32,8192,binomial,33554432,0.11023701,20
32,8192,circ_graph,2,0.000216068,20
32,8192,circ_graph,3,0.000213442,20
32,8192,circ_graph,4,0.0002183045,20
32,8192,circ_graph,6,0.000215362,20
32,8192,circ_graph,8,0.000217705,20
32,8192,circ_graph,12,0.000214936,20
32,8192,circ_graph,16,0.000214749,20
32,8192,circ_graph,24,0.0002135615,20
32,8192,circ_graph,32,0.00021515899999999998,20
32,8192,circ_graph,48,0.000216162,20
32,8192,circ_graph,64,0.000215426,20
32,8192,circ_graph,96,0.000216883,20
32,8192,circ_graph,128,0.000217677,20
32,8192,circ_graph,192,0.0002240735,20
32,8192,circ_graph,256,0.0002473525,20
32,8192,circ_graph,384,0.00026689,20
32,8192,circ_graph,512,0.0002691565,20
32,8192,circ_graph,768,0.000278405,20
32,8192,circ_graph,1024,0.00042715600000000004,20
32,8192,circ_graph,1536,0.0003030065,20
32,8192,circ_graph,2048,0.0003169615,20
32,8192,circ_graph,3072,0.00032300549999999997,20
32,8192,circ_graph,4096,0.00032491050000000004,20
32,8192,circ_graph,6144,0.0003329035,20
32,8192,circ_graph,8192,0.000330067,20
32,8192,circ_graph,12288,0.0003828435,20
32,8192,circ_graph,16384,0.000396496,20
32,8192,circ_graph,24576,0.000440823,20
32,8192,circ_graph,32768,0.00048341949999999997,20
32,8192,circ_graph,49152,0.0005657715,20
32,8192,circ_graph,65536,0.0007984285000000001,20
32,8192,circ_graph,98304,0.0010060264999999999,20
32,8192,circ_graph,131072,0.0013186769999999999,20
32,8192,circ_graph,196608,0.0014451365,20
32,8192,circ_graph,262144,0.001484714,20
32,8192,circ_graph,393216,0.0016673785,20
32,8192,circ_graph,524288,0.0018685074999999999,20
32,8192,circ_graph,786432,0.003228982,20
32,8192,circ_graph,1048576,0.0034153865,20
32,8192,circ_graph,1572864,0.004455926,20
32,8192,circ_graph,2097152,0.005243557,20
32,8192,circ_graph,3145728,0.008380161,20
32,8192,circ_graph,4194304,0.011507992000000002,20
32,8192,circ_graph,6291456,0.0166262255,20
32,8192,circ_graph,8388608,0.023275553,20
32,8192,circ_graph,12582912,0.034740575499999996,20
32,8192,circ_graph,16777216,0.047447115,20
32,8192,circ_graph,25165824,0.0692604515,20
32,8192,circ_graph,33554432,0.092641874,20
32,8192,nb,2,0.000244209,20
32,8192,nb,3,0.000237835,20
32,8192,nb,4,0.000247383,20
32,8192,nb,6,0.00025135749999999997,20
32,8192,nb,8,0.00024361899999999999,20
32,8192,nb,12,0.0002399775,20
32,8192,nb,16,0.000238969,20
32,8192,nb,24,0.00025558950000000003,20
32,8192,nb,32,0.0002360005,20
32,8192,nb,48,0.0002461825,20
32,8192,nb,64,0.0002432205,20
32,8192,nb,96,0.00024075350000000003,20
32,8192,nb,128,0.00024337099999999998,20
32,8192,nb,192,0.000248731,20
32,8192,nb,256,0.0002481715,20
32,8192,nb,384,0.0002482075,20
32,8192,nb,512,0.00025689699999999996,20
32,8192,nb,768,0.000274097,20
32,8192,nb,1024,0.00032065049999999997,20
32,8192,nb,1536,0.000303807,20
32,8192,nb,2048,0.0003013035,20
32,8192,nb,3072,0.0003093945,20
32,8192,nb,4096,0.0003159075,20
32,8192,nb,6144,0.0003100475,20
32,8192,nb,8192,0.000324952,20
32,8192,nb,12288,0.0008592694999999999,20
32,8192,nb,16384,0.000880554,20
32,8192,nb,24576,0.000898787,20
32,8192,nb,32768,0.000962574,20
32,8192,nb,49152,0.0010025095,20
32,8192,nb,65536,0.0010832875,20
32,8192,nb,98304,0.0011876769999999998,20
32,8192,nb,131072,0.001331891,20
32,8192,nb,196608,0.0014894735,20
32,8192,nb,262144,0.001773339,20
32,8192,nb,393216,0.002168765,20
32,8192,nb,524288,0.102237989,20
32,8192,nb,786432,0.1031481955,20
32,8192,nb,1048576,0.10333829150000001,20
32,8192,nb,1572864,0.109867381,20
32,8192,nb,2097152,0.2791905825,20
32,8192,nb,3145728,0.281791155,20
32,8192,nb,4194304,0.283188682,20
32,8192,nb,6291456,0.286344877,20
32,8192,nb,8388608,0.367455996,20
32,8192,nb,12582912,0.344220921,20
32,8192,nb,16777216,0.35206139849999996,20
32,8192,nb,25165824,0.3720945665,20
32,8192,nb,33554432,0.392279922,20
32,8192,pipelined_tree,2,0.0003224305,20
32,8192,pipelined_tree,3,0.0003136785,20
32,8192,pipelined_tree,4,0.00030685300000000005,20
32,8192,pipelined_tree,6,0.0003108595,20
32,8192,pipelined_tree,8,0.0003139835,20
32,8192,pipelined_tree,12,0.0003127815,20
32,8192,pipelined_tree,16,0.0003157945,20
32,8192,pipelined_tree,24,0.000312867,20
32,8192,pipelined_tree,32,0.000311288,20
32,8192,pipelined_tree,48,0.00031440250000000004,20
32,8192,pipelined_tree,64,0.0003204605,20
32,8192,pipelined_tree,96,0.00031637950000000005,20
32,8192,pipelined_tree,128,0.0003164155,20
32,8192,pipelined_tree,192,0.0003332935,20
32,8192,pipelined_tree,256,0.000352338,20
32,8192,pipelined_tree,384,0.0003529575,20
32,8192,pipelined_tree,512,0.000392729,20
32,8192,pipelined_tree,768,0.00039584500000000003,20
32,8192,pipelined_tree,1024,0.0005641464999999999,20
32,8192,pipelined_tree,1536,0.0004650645,20
32,8192,pipelined_tree,2048,0.000462748,20
32,8192,pipelined_tree,3072,0.000475855,20
32,8192,pipelined_tree,4096,0.000499242,20
32,8192,pipelined_tree,6144,0.00047721250000000003,20
32,8192,pipelined_tree,8192,0.000501108,20
32,8192,pipelined_tree,12288,0.0006528090000000001,20
32,8192,pipelined_tree,16384,0.000685913,20
32,8192,pipelined_tree,24576,0.0008690950000000001,20
32,8192,pipelined_tree,32768,0.0010173604999999999,20
32,8192,pipelined_tree,49152,0.001342148,20
32,8192,pipelined_tree,65536,0.001668577,20
32,8192,pipelined_tree,98304,0.002307524,20
32,8192,pipelined_tree,131072,0.002933959,20
32,8192,pipelined_tree,196608,0.004196013,20
32,8192,pipelined_tree,262144,0.005447964,20
32,8192,pipelined_tree,393216,0.007929104,20
32,8192,pipelined_tree,524288,0.010429528,20
32,8192,pipelined_tree,786432,0.015370756,20
32,8192,pipelined_tree,1048576,0.0203313435,20
32,8192,pipelined_tree,1572864,0.030847569499999998,20
32,8192,pipelined_tree,2097152,0.041707849,20
32,8192,pipelined_tree,3145728,0.0638417845,20
32,8192,pipelined_tree,4194304,0.086401176,20
32,8192,pipelined_tree,6291456,0.1316859305,20
32,8192,pipelined_tree,8388608,0.17726936799999998,20
32,8192,pipelined_tree,12582912,0.268815771,20
32,8192,pipelined_tree,16777216,0.3594874165,20
32,8192,pipelined_tree,25165824,0.5409148930000001,20
32,8192,pipelined_tree,33554432,0.7225687709999999,20
32,8192,scatter_recursive_doubling_allgather,2,0.000404328,20
32,8192,scatter_recursive_doubling_allgather,3,0.000392737,20
32,8192,scatter_recursive_doubling_allgather,4,0.000404,20
32,8192,scatter_recursive_doubling_allgather,6,0.000407635,20
32,8192,scatter_recursive_doubling_allgather,8,0.000393758,20
32,8192,scatter_recursive_doubling_allgather,12,0.0003999105,20
32,8192,scatter_recursive_doubling_allgather,16,0.000393305,20
32,8192,scatter_recursive_doubling_allgather,24,0.000392414,20
32,8192,scatter_recursive_doubling_allgather,32,0.0004001025,20
32,8192,scatter_recursive_doubling_allgather,48,0.0003948305,20
32,8192,scatter_recursive_doubling_allgather,64,0.000398895,20
32,8192,scatter_recursive_doubling_allgather,96,0.000413082,20
32,8192,scatter_recursive_doubling_allgather,128,0.00041692949999999997,20
32,8192,scatter_recursive_doubling_allgather,192,0.0004046455,20
32,8192,scatter_recursive_doubling_allgather,256,0.000467391,20
32,8192,scatter_recursive_doubling_allgather,384,0.0004805285,20
32,8192,scatter_recursive_doubling_allgather,512,0.0005247205,20
32,8192,scatter_recursive_doubling_allgather,768,0.000564872,20
32,8192,scatter_recursive_doubling_allgather,1024,0.000632177,20
32,8192,scatter_recursive_doubling_allgather,1536,0.0006530685000000001,20
32,8192,scatter_recursive_doubling_allgather,2048,0.000680167,20
32,8192,scatter_recursive_doubling_allgather,3072,0.000740882,20
32,8192,scatter_recursive_doubling_allgather,4096,0.000728309,20
32,8192,scatter_recursive_doubling_allgather,6144,0.0007629255,20
32,8192,scatter_recursive_doubling_allgather,8192,0.000767539,20
32,8192,scatter_recursive_doubling_allgather,12288,0.000841652,20
32,8192,scatter_recursive_doubling_allgather,16384,0.000855574,20
32,8192,scatter_recursive_doubling_allgather,24576,0.0008644600000000001,20
32,8192,scatter_recursive_doubling_allgather,32768,0.0009586545,20
32,8192,scatter_recursive_doubling_allgather,49152,0.00097104,20
32,8192,scatter_recursive_doubling_allgather,65536,0.0010367375,20
32,8192,scatter_recursive_doubling_allgather,98304,0.001077093,20
32,8192,scatter_recursive_doubling_allgather,131072,0.0012148929999999999,20
32,8192,scatter_recursive_doubling_allgather,196608,0.0013371354999999999,20
32,8192,scatter_recursive_doubling_allgather,262144,0.001541562,20
32,8192,scatter_recursive_doubling_allgather,393216,0.0018207685000000001,20
32,8192,scatter_recursive_doubling_allgather,524288,0.0021616105,20
32,8192,scatter_recursive_doubling_allgather,786432,0.002791546,20
32,8192,scatter_recursive_doubling_allgather,1048576,0.0034224645,20
32,8192,scatter_recursive_doubling_allgather,1572864,0.0046223585,20
32,8192,scatter_recursive_doubling_allgather,2097152,0.005882787,20
32,8192,scatter_recursive_doubling_allgather,3145728,0.008403833,20
32,8192,scatter_recursive_doubling_allgather,4194304,0.0111430175,20
32,8192,scatter_recursive_doubling_allgather,6291456,0.0169851895,20
32,8192,scatter_recursive_doubling_allgather,8388608,0.023297152,20
32,8192,scatter_recursive_doubling_allgather,12582912,0.0362362085,20
32,8192,scatter_recursive_doubling_allgather,16777216,0.0496579915,20
32,8192,scatter_recursive_doubling_allgather,25165824,0.078036153,20
32,8192,scatter_recursive_doubling_allgather,33554432,0.1064566795,20
32,8192,scatter_ring_allgather,2,0.1029672375,20
32,8192,scatter_ring_allgather,3,0.102844236,20
32,8192,scatter_ring_allgather,4,0.10288420200000001,20
32,8192,scatter_ring_allgather,6,0.10281965900000001,20
32,8192,scatter_ring_allgather,8,0.1025954925,20
32,8192,scatter_ring_allgather,12,0.1030755595,20
32,8192,scatter_ring_allgather,16,0.1031501655,20
32,8192,scatter_ring_allgather,24,0.102610379,20
32,8192,scatter_ring_allgather,32,0.102414044,20
32,8192,scatter_ring_allgather,48,0.102521529,20
32,8192,scatter_ring_allgather,64,0.102054176,20
32,8192,scatter_ring_allgather,96,0.1021025605,20
32,8192,scatter_ring_allgather,128,0.10221936449999999,20
32,8192,scatter_ring_allgather,192,0.1021135465,20
32,8192,scatter_ring_allgather,256,0.1017974955,20
32,8192,scatter_ring_allgather,384,0.101944491,20
32,8192,scatter_ring_allgather,512,0.10196435649999999,20
32,8192,scatter_ring_allgather,768,0.10190571849999999,20
32,8192,scatter_ring_allgather,1024,0.1021916595,20
32,8192,scatter_ring_allgather,1536,0.10223289199999999,20
32,8192,scatter_ring_allgather,2048,0.101999,20
32,8192,scatter_ring_allgather,3072,0.10200536099999999,20
32,8192,scatter_ring_allgather,4096,0.1019728545,20
32,8192,scatter_ring_allgather,6144,0.102166351,20
32,8192,scatter_ring_allgather,8192,0.10229278,20
32,8192,scatter_ring_allgather,12288,0.10212732050000001,20
32,8192,scatter_ring_allgather,16384,0.1023705915,20
32,8192,scatter_ring_allgather,24576,0.10245027400000001,20
32,8192,scatter_ring_allgather,32768,0.10248011200000001,20
32,8192,scatter_ring_allgather,49152,0.1024871525,20
32,8192,scatter_ring_allgather,65536,0.1026309185,20
32,8192,scatter_ring_allgather,98304,0.1024705965,20
32,8192,scatter_ring_allgather,131072,0.10247294200000001,20
32,8192,scatter_ring_allgather,196608,0.102652419,20
32,8192,scatter_ring_allgather,262144,0.102925901,20
32,8192,scatter_ring_allgather,393216,0.1034330365,20
32,8192,scatter_ring_allgather,524288,0.103449334,20
32,8192,scatter_ring_allgather,786432,0.103998512,20
32,8192,scatter_ring_allgather,1048576,0.104762098,20
32,8192,scatter_ring_allgather,1572864,0.1097462735,20
32,8192,scatter_ring_allgather,2097152,0.27609483300000004,20
32,8192,scatter_ring_allgather,3145728,0.27691981899999996,20
32,8192,scatter_ring_allgather,4194304,0.2774542285,20
32,8192,scatter_ring_allgather,6291456,0.2792140625,20
32,8192,scatter_ring_allgather,8388608,0.3806712205,20
32,8192,scatter_ring_allgather,12582912,0.334235004,20
32,8192,scatter_ring_allgather,16777216,0.3376877025,20
32,8192,scatter_ring_allgather,25165824,0.3487972585,20
32,8192,scatter_ring_allgather,33554432,0.3593667915,20
32,8192,tree,2,0.00031491349999999995,20
32,8192,tree,3,0.000312235,20
32,8192,tree,4,0.00031378600000000003,20
32,8192,tree,6,0.00031271200000000004,20
32,8192,tree,8,0.000308742,20
32,8192,tree,12,0.0003081145,20
32,8192,tree,16,0.000313011,20
32,8192,tree,24,0.000309156,20
32,8192,tree,32,0.00030645300000000004,20
32,8192,tree,48,0.000306285,20
32,8192,tree,64,0.00031106899999999997,20
32,8192,tree,96,0.0003065545,20
32,8192,tree,128,0.000310938,20
32,8192,tree,192,0.0003199355,20
32,8192,tree,256,0.00034562199999999996,20
32,8192,tree,384,0.000344846,20
32,8192,tree,512,0.000395776,20
32,8192,tree,768,0.000393493,20
32,8192,tree,1024,0.0005464059999999999,20
32,8192,tree,1536,0.000460516,20
32,8192,tree,2048,0.0004586885,20
32,8192,tree,3072,0.0004612775,20
32,8192,tree,4096,0.0004669565,20
32,8192,tree,6144,0.0004737145,20
32,8192,tree,8192,0.0004963105,20
32,8192,tree,12288,0.0005316800000000001,20
32,8192,tree,16384,0.0005422775,20
32,8192,tree,24576,0.00058616,20
32,8192,tree,32768,0.0006449485,20
32,8192,tree,49152,0.0007707,20
32,8192,tree,65536,0.0010147189999999999,20
32,8192,tree,98304,0.0012712315,20
32,8192,tree,131072,0.001585164,20
32,8192,tree,196608,0.0021226095,20
32,8192,tree,262144,0.0027296765,20
32,8192,tree,393216,0.003756882,20
32,8192,tree,524288,0.004747327500000001,20
32,8192,tree,786432,0.006914875500000001,20
32,8192,tree,1048576,0.009305695,20
32,8192,tree,1572864,0.013929899499999999,20
32,8192,tree,2097152,0.018648498,20
32,8192,tree,3145728,0.029471144,20
32,8192,tree,4194304,0.038807956500000004,20
32,8192,tree,6291456,0.0609272055,20
32,8192,tree,8388608,0.08190127750000001,20
32,8192,tree,12582912,0.12599950999999998,20
32,8192,tree,16777216,0.169672357,20
32,8192,tree,25165824,0.25871322249999995,20
32,8192,tree,33554432,0.35179018900000003,20
